file_name,comment_text,stance_label,word_count
Evaluation of Kasturba Gandhi Balika Vidyalayas (KGBVs) Scheme.pdf,"The KGBVs have teaching staff – full time and part time, Accountants- fulltime / part time, Assistants, Peons, Chowkidar, Head Cooks and Assistant Cooks.",Neutral,24
Evaluation of Kasturba Gandhi Balika Vidyalayas (KGBVs) Scheme.pdf,"Except for a very few ex-students all the other girls have affirmed that tests and examinations are conducted regularly, It indicates that the tests and examinations are generally conducted regularly in KGBV Schools.",Neutral,33
Evaluation of Kasturba Gandhi Balika Vidyalayas (KGBVs) Scheme.pdf,Learning and teaching materials are available and used in all the schools continuing and comprehensive system of evaluation and imparting skill education is adopted in some of the schools.,Neutral,29
Evaluation of Kasturba Gandhi Balika Vidyalayas (KGBVs) Scheme.pdf,"Some of such organisations are - UNICEF, Save the children, Plan India, Educate Girls, NSE partnership with UNFPA is under process.",Neutral,21
SSG-2022-report.pdf,vi. Added the ‘Sampling Interval’ to the cumulative population of the selected village to generate the next number.,Neutral,18
Evaluation of Kasturba Gandhi Balika Vidyalayas (KGBVs) Scheme.pdf, The cost of construction should be provided according to the terrain.,Neutral,12
"Sample Survey and Study under Section 12(1) (C) of the RTE Act, 2009.pdf",62 elementary level education and reduction in the dropout rate.,Neutral,10
Evaluation of Kasturba Gandhi Balika Vidyalayas (KGBVs) Scheme.pdf,There had been two graduates (17%) and one post graduate (8%).,Neutral,11
Evaluation of Kasturba Gandhi Balika Vidyalayas (KGBVs) Scheme.pdf,76 Professional Qualification of the staff interviewed The teaching staffs are expected to possess the professional qualification B.Ed or M.Ed or any other diploma or degree.,Neutral,26
Evaluation of Kasturba Gandhi Balika Vidyalayas (KGBVs) Scheme.pdf,The percentage of current students confirming the better status of furniture had been slightly lower than that concerned with ex- students.,Neutral,21
Dialnet-PublicOpinionOnTheNewEducationPolicy2020-8271400.pdf,The statistical tool used by the researcher is graphical representation.,Neutral,10
Evaluation of Kasturba Gandhi Balika Vidyalayas (KGBVs) Scheme.pdf,(iv) Financial assistance to KGBV may be approved at higher level to meet the costs on realistic basis.,Neutral,18
Evaluation of Kasturba Gandhi Balika Vidyalayas (KGBVs) Scheme.pdf,It is seen 10 out the 12 teachers contacted have said that they help students in the hostels in their studies.,Neutral,21
"Sample Survey and Study under Section 12(1) (C) of the RTE Act, 2009.pdf",The State Advisory Council advises the Government on implementation of the RTE Act.,Neutral,13
"Sample Survey and Study under Section 12(1) (C) of the RTE Act, 2009.pdf"," Once the students have been allotted seats in the schools, the DoE receives confirmation regarding the admissions taken, and the number of seats filled.",Neutral,25
"Sample Survey and Study under Section 12(1) (C) of the RTE Act, 2009.pdf", Lack of knowledge and awareness about online process of admission among parents of EWS / DG category students.,Oppose,19
"Sample Survey and Study under Section 12(1) (C) of the RTE Act, 2009.pdf",Failure to give TC certificate invites disciplinary action against said head teacher.,Neutral,12
Evaluation of Kasturba Gandhi Balika Vidyalayas (KGBVs) Scheme.pdf,"13 The filled in questionnaires were verified, coded by experienced persons and then taken up for data entry.",Neutral,18
Evaluation of Kasturba Gandhi Balika Vidyalayas (KGBVs) Scheme.pdf,Half of the teachers are staying at the same station for more than 5 years.,Neutral,15
"Sample Survey and Study under Section 12(1) (C) of the RTE Act, 2009.pdf","4.1.2 Notification of Rules In exercise of powers conferred under the RTE Act, the Government of Karnataka notified Right of Children to Free and Compulsory Education Rules, 2012 (Karnataka RTE Rules) on 28 April 2012.",Neutral,35
Evaluation of Kasturba Gandhi Balika Vidyalayas (KGBVs) Scheme.pdf,85 5.43 Distribution of teaches as per their opinion on the sufficiency of teachers in their schools.,Neutral,17
Evaluation of Kasturba Gandhi Balika Vidyalayas (KGBVs) Scheme.pdf,3 the language and active involvement to improve learning outcomes2.,Neutral,10
Evaluation of Kasturba Gandhi Balika Vidyalayas (KGBVs) Scheme.pdf,"Guardians being allowed to meet only after valid authentication, warden keeping an eye on each girl, providing guards, not allowing anyone except KGBV Staff, Photo Matching.",Neutral,26
Evaluation of Kasturba Gandhi Balika Vidyalayas (KGBVs) Scheme.pdf,KGBV should have a watchman for 24 hours a day for all the seven days.,Neutral,15
State-Survey-of-School-Meal-Programs-in-India-Report-with-Annexes.pdf,"These include Chhattisgarh, Goa, Himachal Pradesh, Jharkhand, Lakshadweep, Meghalaya, Mizoram, Tripura, and Uttarakhand.",Neutral,13
Evaluation of Kasturba Gandhi Balika Vidyalayas (KGBVs) Scheme.pdf,One of the primary requirements in this regard is compound wall so that unauthorised person do not approach near the school building or class rooms.,Neutral,25
SSG-2022-report.pdf,"This plan emphasized on communication at District, panchayat, and village level administrative and political machinery along with the community Large scale citizen participation played a key role in making Swachh Survekshan Grameen 2022 a success.",Neutral,35
Evaluation of Kasturba Gandhi Balika Vidyalayas (KGBVs) Scheme.pdf, The community members through SMCs should be involved indecisions regarding the management of the KGBVs and should become a part of planning and monitoring processes.,Neutral,26
Evaluation of Kasturba Gandhi Balika Vidyalayas (KGBVs) Scheme.pdf,The per capita grant for daily maintenance of KGBV girls should be increased taking into consideration the hike in cost of living.,Neutral,22
Evaluation of Kasturba Gandhi Balika Vidyalayas (KGBVs) Scheme.pdf,The details about the nature of job in the case of the non-teaching staff have been analysed and presented in the table below.,Neutral,23
"Sample Survey and Study under Section 12(1) (C) of the RTE Act, 2009.pdf","• If ration card is submitted as residence proof, the name of the child does not figure in the ration card.",Neutral,21
Evaluation of Kasturba Gandhi Balika Vidyalayas (KGBVs) Scheme.pdf, The involvement of NGO’s of different socio-religious backgrounds can be used in encouraging enrolments of girls from minority communities as they have social acceptance in the community.,Neutral,28
Evaluation of Kasturba Gandhi Balika Vidyalayas (KGBVs) Scheme.pdf," The perception of girls, teachers, parents and community on KGBV scheme for enhancing the participation of Muslim girls.",Neutral,19
State-Survey-of-School-Meal-Programs-in-India-Report-with-Annexes.pdf,Kerala and Tamil Nadu seem to allocate a similar amount for primary and upper primary school students.,Neutral,17
"Sample Survey and Study under Section 12(1) (C) of the RTE Act, 2009.pdf",A Deputy Director of Public Instruction (DDPI) assists him in this regard.,Neutral,12
Evaluation of Kasturba Gandhi Balika Vidyalayas (KGBVs) Scheme.pdf,12th pass and post graduate each contributed to about 8 percent of the total strength.,Neutral,15
Evaluation of Kasturba Gandhi Balika Vidyalayas (KGBVs) Scheme.pdf,But about 12 percent of the current students have said so.,Neutral,11
Evaluation of Kasturba Gandhi Balika Vidyalayas (KGBVs) Scheme.pdf, There is no uniform policy followed for the appointment of teachers across the states.,Neutral,15
"Sample Survey and Study under Section 12(1) (C) of the RTE Act, 2009.pdf", The applications for admission in schools are received through online system of Education Portal www.educationportal.mp.gov.in/rteportal.,Neutral,16
"Sample Survey and Study under Section 12(1) (C) of the RTE Act, 2009.pdf",Admission Process:  There should be a mechanism for submission of off-line application forms for those who cannot follow online process.,Neutral,21
Evaluation of Kasturba Gandhi Balika Vidyalayas (KGBVs) Scheme.pdf,GoI may think of earmarking the fund meant for KGBV separately.,Neutral,11
State-Survey-of-School-Meal-Programs-in-India-Report-with-Annexes.pdf,It is intended to cover national and/or large-scale programs in all countries of the world (GCNF 2021).,Neutral,17
Evaluation of Kasturba Gandhi Balika Vidyalayas (KGBVs) Scheme.pdf, Ascertain whether o State Governments have accorded recognition to KGBV schools as regular residential upper primary schools.,Neutral,18
Evaluation of Kasturba Gandhi Balika Vidyalayas (KGBVs) Scheme.pdf, The Navodaya Vidyalaya Samiti (NVS) very meticulously utilizes the budgetary provisions for each student.,Neutral,15
Evaluation of Kasturba Gandhi Balika Vidyalayas (KGBVs) Scheme.pdf,KGBVs are being managed and run by the Sarva Siksha Abhiyan (SSA).,Neutral,12
Evaluation of Kasturba Gandhi Balika Vidyalayas (KGBVs) Scheme.pdf,The state may follow the practice of Uttar Pradesh and appoint only those with B.,Neutral,15
Evaluation of Kasturba Gandhi Balika Vidyalayas (KGBVs) Scheme.pdf,As against the target of appointing 539 teachers they have appointed only 437 teachers.,Neutral,14
Evaluation of Kasturba Gandhi Balika Vidyalayas (KGBVs) Scheme.pdf,Now that KGBV facility is being extended up to 10th the problem may be mitigated to a great extent.,Oppose,19
"Sample Survey and Study under Section 12(1) (C) of the RTE Act, 2009.pdf", The admission of the child shall be cancelled in case they documents submitted by the applicant at the time of admission are found to be forged/fake at any stage.,Neutral,30
Evaluation of Kasturba Gandhi Balika Vidyalayas (KGBVs) Scheme.pdf,Ed Degree which makes them professionally qualified to become a regular teacher.,Neutral,12
"Sample Survey and Study under Section 12(1) (C) of the RTE Act, 2009.pdf","However, 20% schools (Rural 30% + Urban 10%) did face some problems in this regard.",Oppose,15
"Sample Survey and Study under Section 12(1) (C) of the RTE Act, 2009.pdf",should be put in public domain for the benefit of stakeholders.,Neutral,11
Dialnet-PublicOpinionOnTheNewEducationPolicy2020-8271400.pdf,"The recognition of the importance of life skills was long overdue, and the NEP has given more attention to developing life skills in the educational process.",Neutral,26
Evaluation of Kasturba Gandhi Balika Vidyalayas (KGBVs) Scheme.pdf,The non-teaching staff need not necessarily possess any professional qualification.,Neutral,10
"Sample Survey and Study under Section 12(1) (C) of the RTE Act, 2009.pdf"," High budget private schools are able to evade the system, or resist the admissions.",Neutral,15
Evaluation of Kasturba Gandhi Balika Vidyalayas (KGBVs) Scheme.pdf,"Efforts are to be taken to cater more to SC, ST community.",Neutral,12
Evaluation of Kasturba Gandhi Balika Vidyalayas (KGBVs) Scheme.pdf,Table 7.75 Distribution of girls as per their ranking of the extra class room activities.,Neutral,15
"Sample Survey and Study under Section 12(1) (C) of the RTE Act, 2009.pdf"," Type of information that state governments collected on RTE portal included tuition fee, cost of text books, uniforms, learning material, number of available Development & Research Services Pvt.",Neutral,29
"Sample Survey and Study under Section 12(1) (C) of the RTE Act, 2009.pdf",Redressal Mechanism  Problems of staff and parents about implementation of the RTE Act should be first resolved by a special committee constituted for this purpose in the school itself.,Oppose,30
"Sample Survey and Study under Section 12(1) (C) of the RTE Act, 2009.pdf","However, in Karnataka majority of schools did not follow this practice.",Neutral,11
Evaluation of Kasturba Gandhi Balika Vidyalayas (KGBVs) Scheme.pdf,Immediate steps also have to be taken that the class rooms are protected from rain water entering the class rooms.,Neutral,20
State-Survey-of-School-Meal-Programs-in-India-Report-with-Annexes.pdf,Thirteen of the 19 participating states reported the inclusion of fortified food items in the MDM scheme food basket.,Neutral,19
Evaluation of Kasturba Gandhi Balika Vidyalayas (KGBVs) Scheme.pdf,Table 7.38 Distribution of non-teaching staff as per their job status Sate Full Time Part Time Perman ent Temp.,Neutral,19
State-Survey-of-School-Meal-Programs-in-India-Report-with-Annexes.pdf,Kerala’s example of engaging farmers to procure food locally is an opportunity to share best practices for scale up in other states.,Neutral,22
Evaluation of Kasturba Gandhi Balika Vidyalayas (KGBVs) Scheme.pdf,57 Girls’ Satisfaction on teaching and hostel Teaching and hostel are the two important factors of the scheme.,Neutral,18
SSG-2022-report.pdf,Tool kit and manual: To help the Assessors with the understanding about the survey protocols and manual were prepared and shared with all members of the survey team.,Neutral,28
"Sample Survey and Study under Section 12(1) (C) of the RTE Act, 2009.pdf", It has created an inclusive attitude with a democratic perspective in heterogeneous classrooms.,Neutral,14
Evaluation of Kasturba Gandhi Balika Vidyalayas (KGBVs) Scheme.pdf,Now I am pursuing B.SC 2nd year and doing BSW (bachelor of social work) I learnt DCA in computer after passing my 12 th.,Neutral,24
Evaluation of Kasturba Gandhi Balika Vidyalayas (KGBVs) Scheme.pdf,One is having M.Ed and the rest had some qualification or the other.,Neutral,13
Evaluation of Kasturba Gandhi Balika Vidyalayas (KGBVs) Scheme.pdf,Further 10 girls currently studying and 5 girls who have passed out were also contacted for interviews.,Neutral,17
Evaluation of Kasturba Gandhi Balika Vidyalayas (KGBVs) Scheme.pdf,"The target population for the collection of data included School authorities and staff of KGBVs, girls of KGBVs and parents of those girls.",Neutral,23
"Sample Survey and Study under Section 12(1) (C) of the RTE Act, 2009.pdf",Maximum SC students (54) and STs (16) were admitted 2017; and OBCs (108) in 2018.,Neutral,15
State-Survey-of-School-Meal-Programs-in-India-Report-with-Annexes.pdf,Some states also served boiled eggs (58%) and roots/tubers (53%).,Neutral,10
"Sample Survey and Study under Section 12(1) (C) of the RTE Act, 2009.pdf","Un-like in rural area, total enrolment made every year in urban area varied from lowest of 1346 in 2015 to highest of 1828 in 2018 registering an appreciable increase of 36%.",Neutral,31
Evaluation of Kasturba Gandhi Balika Vidyalayas (KGBVs) Scheme.pdf,It would be better if the entire teacher are made permanent so that they may have more job satisfaction which will have an effect on their performance and hence on the education of the girls.,Neutral,35
Evaluation of Kasturba Gandhi Balika Vidyalayas (KGBVs) Scheme.pdf,Whether the school has such infrastructures adequately or not has been probed and it is seen that in all the six selected KGBVs the infrastructures for learning were just adequate.,Neutral,30
State-Survey-of-School-Meal-Programs-in-India-Report-with-Annexes.pdf,"Consequently, various states have devised alternative modalities for the continuation of the program, not only during the lockdown but also during the summer vacation.",Neutral,24
State-Survey-of-School-Meal-Programs-in-India-Report-with-Annexes.pdf,"In addition, the GoI’s Ministry of Tribal Affairs (MoTA) runs Ashram Shalas, meaning “residential schools” that serve children from tribal communities.",Neutral,21
Evaluation of Kasturba Gandhi Balika Vidyalayas (KGBVs) Scheme.pdf,The in-charges of two third of the six KGBVs selected have informed that the other facilities provided had a very good impact on the up keep of the girls.,Neutral,29
Evaluation of Kasturba Gandhi Balika Vidyalayas (KGBVs) Scheme.pdf,It specifically focussed on the following points at different levels as indicated below.,Neutral,13
Evaluation of Kasturba Gandhi Balika Vidyalayas (KGBVs) Scheme.pdf,"However, in difficult areas (migratory populations, scattered habitations that do not qualify for primary/ upper primary schools) younger girls can also be targeted.",Neutral,23
State-Survey-of-School-Meal-Programs-in-India-Report-with-Annexes.pdf,School closures are one of the most common responses to curtail the transmission of Covid-19.,Neutral,15
Evaluation of Kasturba Gandhi Balika Vidyalayas (KGBVs) Scheme.pdf,"Quality of drinking water, sanitation, curriculum and teaching methods was very good in 50 to 60 % schools.",Neutral,18
Evaluation of Kasturba Gandhi Balika Vidyalayas (KGBVs) Scheme.pdf," Teacher and staff - whether vacancies filled as per Central norms / State guidelines, Training of staff, length of vacancies and method of teachers’ recruitment.",Neutral,26
SSG-2022-report.pdf,The State Level Workshops were organized across the Country covered from 20th September 2021 to 30th November 2021.,Neutral,18
"Sample Survey and Study under Section 12(1) (C) of the RTE Act, 2009.pdf",As some parents could not pay for the text books and uniforms etc.,Neutral,13
Evaluation of Kasturba Gandhi Balika Vidyalayas (KGBVs) Scheme.pdf, Regular physical education teacher who can teach different sports and yoga to girls should be appointed.,Neutral,17
Evaluation of Kasturba Gandhi Balika Vidyalayas (KGBVs) Scheme.pdf,"Being orphan condition of my family was pitiful, so my father went to Delhi for work, and left me with my grandparents.",Neutral,22
"Sample Survey and Study under Section 12(1) (C) of the RTE Act, 2009.pdf","For this purpose, identification of children is a critical starting step followed by their enrolment in school.",Neutral,17
Evaluation of Kasturba Gandhi Balika Vidyalayas (KGBVs) Scheme.pdf,About 60 percent of the girls used to discuss about the taboos.,Neutral,12
"Sample Survey and Study under Section 12(1) (C) of the RTE Act, 2009.pdf","The concluding Chapter 5 recapitulates the key findings, conclusions and recommendations of the study for needful interventions.",Neutral,17
State-Survey-of-School-Meal-Programs-in-India-Report-with-Annexes.pdf,"The structure of the MDM scheme allows for customization of the weekly menu, with the inclusion of local staples and consideration of local food preferences.",Neutral,25
"Sample Survey and Study under Section 12(1) (C) of the RTE Act, 2009.pdf",4.2.1 Definitions and terms / rules for admission Section 12 (1) (c) of the RTE Act includes children belonging to Economically Weaker Section (EWS) and children belonging to Disadvantaged Group (DG).,Neutral,31
"Sample Survey and Study under Section 12(1) (C) of the RTE Act, 2009.pdf"," In Karnataka, percentage of students enrolled under EWS / DG category wrt current strength was about 12%.",Neutral,18
Evaluation of Kasturba Gandhi Balika Vidyalayas (KGBVs) Scheme.pdf,The quality of these activities helps the improvement of the overall personality of the students.,Neutral,15
State-Survey-of-School-Meal-Programs-in-India-Report-with-Annexes.pdf,"The intended sample size for this survey was 25 states and UTs, covering approximately 70% of the country.",Neutral,18
Evaluation of Kasturba Gandhi Balika Vidyalayas (KGBVs) Scheme.pdf,(v) The state has not felt any constraint w.r.t any physical infrastructures.,Neutral,12
"Sample Survey and Study under Section 12(1) (C) of the RTE Act, 2009.pdf",The CPI approves the claim after verification and sends it back to the DDPI for payment.,Neutral,16
Evaluation of Kasturba Gandhi Balika Vidyalayas (KGBVs) Scheme.pdf,All the Model 1 and Model 3 KGBVs have all necessary infrastructures.,Neutral,12
SSG-2022-report.pdf,"The documents (Means of Verification) submitted by the Districts were assessed by a team of Desktop Assessors1, based on which the scores were allocated.",Neutral,24
State-Survey-of-School-Meal-Programs-in-India-Report-with-Annexes.pdf,The State Survey of School Meal Programs is the property of GCNF and may not be reproduced or distributed without prior written consent.,Neutral,23
"Sample Survey and Study under Section 12(1) (C) of the RTE Act, 2009.pdf","To ensure fair representation of private aided and un-aided schools, one each was selected from respective category.",Neutral,17
Evaluation of Kasturba Gandhi Balika Vidyalayas (KGBVs) Scheme.pdf,Face to Face personal interviews adopting a semi structured questionnaires was adopted to collect information from Girls studying in KGBVs or passed out from KGBVs.,Neutral,25
State-Survey-of-School-Meal-Programs-in-India-Report-with-Annexes.pdf,Nearly half (47%) of the participating states use charcoal/wood stoves along with gas stoves or electric stoves in the cooking facilities.,Neutral,21
Evaluation of Kasturba Gandhi Balika Vidyalayas (KGBVs) Scheme.pdf,Qualification of staff interviewed The basic qualifications of teaching and non-teaching staff interviewed have been collected and they are grouped according to their classification and presented in the tables below.,Neutral,30
Evaluation of Kasturba Gandhi Balika Vidyalayas (KGBVs) Scheme.pdf,These 265 facilities may be provided Maintenance of infrastructure was not found good in few cases.,Neutral,16
"Sample Survey and Study under Section 12(1) (C) of the RTE Act, 2009.pdf",These facilities shall also be made available to children admitted under the 25% quota in private un-aided schools.,Neutral,18
Evaluation of Kasturba Gandhi Balika Vidyalayas (KGBVs) Scheme.pdf,The period for which these posts are vacant ranges from 3 months to 11 years.,Neutral,15
Evaluation of Kasturba Gandhi Balika Vidyalayas (KGBVs) Scheme.pdf,Among the ex-students only about 53 percent were sharing the accommodation.,Neutral,11
Evaluation of Kasturba Gandhi Balika Vidyalayas (KGBVs) Scheme.pdf,But still they don’t get sufficient amount of salary / compensation.,Neutral,11
"Sample Survey and Study under Section 12(1) (C) of the RTE Act, 2009.pdf","From this list, 2 districts with highest enrolment, 2 with moderate and 1 with lowest enrolment were selected.",Neutral,18
Evaluation of Kasturba Gandhi Balika Vidyalayas (KGBVs) Scheme.pdf,Girls enrolled in the schools and parents of the girls’ enrolled w.r.t each of the selected schools.,Neutral,17
Evaluation of Kasturba Gandhi Balika Vidyalayas (KGBVs) Scheme.pdf,"They had admitted 1069 CWSN in 2015-16, 103 CWSN in 2016-17 and 94 CWSN in 2017-18 Status of recognition of schools In Chhattisgarh there are 93 schools sanctioned.",Neutral,28
Evaluation of Kasturba Gandhi Balika Vidyalayas (KGBVs) Scheme.pdf, Recurring grant needs to be provided for bedding to replenish supplies.,Neutral,12
"Sample Survey and Study under Section 12(1) (C) of the RTE Act, 2009.pdf",Orientation of teachers:  All the school teachers and Principals must be provided training to sensitize them about the needs of EWS /DG students and for effective implementation / compliance of the RTE guidelines.,Support,34
Evaluation of Kasturba Gandhi Balika Vidyalayas (KGBVs) Scheme.pdf,However a very small number of students who have joined in the year 2015 were also found in the school.,Neutral,20
Evaluation of Kasturba Gandhi Balika Vidyalayas (KGBVs) Scheme.pdf,This will give them to build up better relationship with local population and help in attracting the girls to the schools through their efforts.,Neutral,24
Evaluation of Kasturba Gandhi Balika Vidyalayas (KGBVs) Scheme.pdf,Shewali’s mother rushed to the spot and rescued her without any difficulties.,Neutral,12
Evaluation of Kasturba Gandhi Balika Vidyalayas (KGBVs) Scheme.pdf,The 12 teachers met during the course of the study were asked about the regularity of students in classes.,Neutral,19
SSG-2022-report.pdf,Dashboard A real time dashboard was maintained for close monitoring of the data collection process.,Neutral,15
Evaluation of Kasturba Gandhi Balika Vidyalayas (KGBVs) Scheme.pdf,"The members of the district level committees are District Magistrate (Chairman), DIET Principal, Basic Siksha Adhikari, and one person nominated by DM.",Neutral,22
Evaluation of Kasturba Gandhi Balika Vidyalayas (KGBVs) Scheme.pdf,The girls have been asked during the course of the survey whether they have 140 attended any remedial classes or not.,Neutral,21
Evaluation of Kasturba Gandhi Balika Vidyalayas (KGBVs) Scheme.pdf,They might have been exposed to taboos with regard to menstruation.,Neutral,11
"Sample Survey and Study under Section 12(1) (C) of the RTE Act, 2009.pdf",100 It is encouraging to note that implementation the provision of section 12(1) (c) of the RTE Act had very positive impact on the education of the EWS/DG students.,Support,29
Evaluation of Kasturba Gandhi Balika Vidyalayas (KGBVs) Scheme.pdf,Her father name is Nareswar Barpatra Gohain and mother name is Sumila Barpatra Gohain.,Neutral,14
"Sample Survey and Study under Section 12(1) (C) of the RTE Act, 2009.pdf",The groups are divided into teacher-supported groups and peer-supported groups.,Neutral,10
Evaluation of Kasturba Gandhi Balika Vidyalayas (KGBVs) Scheme.pdf,The pass outs are tracked on a regular basis and motivated in the alumni meetings to promote the continuation of the pass outs.,Neutral,23
Evaluation of Kasturba Gandhi Balika Vidyalayas (KGBVs) Scheme.pdf,However in practice persons without this requirement are also appointed as teachers for some period.,Neutral,15
State-Survey-of-School-Meal-Programs-in-India-Report-with-Annexes.pdf,"All participating states rely on on-site preparation of food, which reduces the chance of contamination, adulteration, and food wastage in transit.",Neutral,21
State-Survey-of-School-Meal-Programs-in-India-Report-with-Annexes.pdf,The survey asked about complementary services that accompany the mid-day meals (Figure 17).,Neutral,13
"Sample Survey and Study under Section 12(1) (C) of the RTE Act, 2009.pdf","However, as per government authorities in all the three states retention rate of the said category of students was very high at the elementary level of school education.",Neutral,28
Evaluation of Kasturba Gandhi Balika Vidyalayas (KGBVs) Scheme.pdf, All the agencies involved in implementing the KGBV in one state should meet frequently and share good practices.,Neutral,19
State-Survey-of-School-Meal-Programs-in-India-Report-with-Annexes.pdf,"The first set of MDM scheme guidelines were issued in 2006, and these were followed by the MDM Rules in 2015.",Oppose,21
Evaluation of Kasturba Gandhi Balika Vidyalayas (KGBVs) Scheme.pdf,"After passing class VIII from KGBV Gobardhana, she got admitted in class IX at Dakshin Bijni Adarsha Vidyapeeth HS School.",Neutral,20
Evaluation of Kasturba Gandhi Balika Vidyalayas (KGBVs) Scheme.pdf,Policy and management  The capacity of KGBVs should be increased as per the requirement of the block.,Neutral,18
State-Survey-of-School-Meal-Programs-in-India-Report-with-Annexes.pdf,"Almost all of the participating states reported that their on-site cooking facilities are equipped with storage facilities, and 68% reported that at least half of these kitchens had piped water.",Neutral,30
SSG-2022-report.pdf,"3. The total number of households in the village by caste groups such as ST, ST, and Others was collected.",Neutral,20
Evaluation of Kasturba Gandhi Balika Vidyalayas (KGBVs) Scheme.pdf,Phil Total Chhattisgarh 3 9 0 12 25.0% 75.0% 0.0% 100.0% It has been seen that 75 percent of the teachers interviewed were post graduates and the rest were graduates.,Neutral,30
Evaluation of Kasturba Gandhi Balika Vidyalayas (KGBVs) Scheme.pdf,"Hand wash is emphasized, RO water for drinking is provided.",Neutral,10
"Sample Survey and Study under Section 12(1) (C) of the RTE Act, 2009.pdf",Admission Process  The admission process in the schools in all the three states was primarily online through website.,Neutral,19
Evaluation of Kasturba Gandhi Balika Vidyalayas (KGBVs) Scheme.pdf,All the thirty KGBVs selected in our sample were residential schools and all of them were functioning from their own buildings.,Neutral,21
Evaluation of Kasturba Gandhi Balika Vidyalayas (KGBVs) Scheme.pdf,"In Madhya Pradesh, about 30 percent of the ex-girls and about 27 percent of the current girls contacted were not satisfied with the role of the warden.",Neutral,27
Evaluation of Kasturba Gandhi Balika Vidyalayas (KGBVs) Scheme.pdf," What are the girls‟, teachers‟ and parents‟ perception regarding the functioning of KGBV and strategies to be adopted for greater participation of Muslim girls?",Neutral,25
"Sample Survey and Study under Section 12(1) (C) of the RTE Act, 2009.pdf",Table 2.9: Current enrolment in sample schools in Delhi Class Total No.,Neutral,12
"Sample Survey and Study under Section 12(1) (C) of the RTE Act, 2009.pdf"," Most of the school teachers also reported that the teaching, learning and attitude of the students have become inclusive.",Neutral,20
State-Survey-of-School-Meal-Programs-in-India-Report-with-Annexes.pdf,"They may serve as volunteers with no payment of any kind, or may receive in-kind payments in the form of food and/or services.",Neutral,23
"Sample Survey and Study under Section 12(1) (C) of the RTE Act, 2009.pdf",93 Table 4.26: Distribution of sample schools having some requirements from school post receiving reimbursement in KARNATAKA List of items Distribution of schools Rural Urban Total No.,Neutral,27
Evaluation of Kasturba Gandhi Balika Vidyalayas (KGBVs) Scheme.pdf,The overall positions in these respects can be seen in the table below.,Neutral,13
State-Survey-of-School-Meal-Programs-in-India-Report-with-Annexes.pdf,"All participating states reported serving students a staple such as grains/cereals, along with green, leafy vegetables.",Neutral,16
State-Survey-of-School-Meal-Programs-in-India-Report-with-Annexes.pdf,"Multiple in-person, follow-up visits were made to all participating states to complete the survey, with the exception of Lakshadweep which submitted it electronically.",Neutral,23
Evaluation of Kasturba Gandhi Balika Vidyalayas (KGBVs) Scheme.pdf,In all other cases the hostel was in the premises or near the premises.,Neutral,14
State-Survey-of-School-Meal-Programs-in-India-Report-with-Annexes.pdf,The impact of school meals on school participation: Evidence from rural India.,Neutral,12
Evaluation of Kasturba Gandhi Balika Vidyalayas (KGBVs) Scheme.pdf,Fifty percent of the ex-students have said that sufficient computers were available for them whereas only about 35 percent of the current students have said that sufficient numbers of computers are available for them.,Neutral,34
Evaluation of Kasturba Gandhi Balika Vidyalayas (KGBVs) Scheme.pdf,We are indebted to the officers of the HRD vertical of NITI Aayog who had given us the guidance in the special meetings held to finalise the tools for the study.,Neutral,31
State-Survey-of-School-Meal-Programs-in-India-Report-with-Annexes.pdf,"Items using chemical additives and preservatives such as fast food, pickles, and tinned products are eschewed due to health reasons.",Neutral,20
Evaluation of Kasturba Gandhi Balika Vidyalayas (KGBVs) Scheme.pdf,49 On Tests and Examinations from girls Tests and examinations are part of evaluation methods of the performance of the students and are expected to be conducted at regular intervals.,Neutral,30
Evaluation of Kasturba Gandhi Balika Vidyalayas (KGBVs) Scheme.pdf,Recognition of schools It has been seen that all the selected schools are recognised by the State Government.,Neutral,18
Evaluation of Kasturba Gandhi Balika Vidyalayas (KGBVs) Scheme.pdf, Suggest up to a maximum of three items in which the design of the present KGBV scheme needs to be changed with well-based justifications.,Neutral,25
Evaluation of Kasturba Gandhi Balika Vidyalayas (KGBVs) Scheme.pdf,It has been probed by the survey team to see whether the health records of the girls are kept or not.,Neutral,21
State-Survey-of-School-Meal-Programs-in-India-Report-with-Annexes.pdf,"Jharkhand is not included in this table as it did not report historical values for upper primary school, and Kerala is excluded from the 2015/16–2018/19 period due to lack of data for 2015/16.",Oppose,33
Evaluation of Kasturba Gandhi Balika Vidyalayas (KGBVs) Scheme.pdf,It is essential that all the hostel buildings are kept in good condition for comfortable living of the girls and to attract the girls to stay there and study.,Neutral,29
"Sample Survey and Study under Section 12(1) (C) of the RTE Act, 2009.pdf",Rural area Enrolment under section 12(1) (c) of RTE Act 2009at the entry class in sample schools in rural Karnataka was dominated by boys over girls by 6-14 percentage points every year from 2015-2018.,Neutral,34
Evaluation of Kasturba Gandhi Balika Vidyalayas (KGBVs) Scheme.pdf,Staff room and other rooms are available in little more than 50% of the schools.,Neutral,15
"Sample Survey and Study under Section 12(1) (C) of the RTE Act, 2009.pdf","If needed, necessary corrections are made at this stage (30 April -29 Development and Research Services Pvt.",Neutral,17
"Sample Survey and Study under Section 12(1) (C) of the RTE Act, 2009.pdf","However, as per discussion with DEO, there was no such authority in Bhopal maintaining prescribed record relating to children from their birth till they attain 14 years.",Neutral,27
"Sample Survey and Study under Section 12(1) (C) of the RTE Act, 2009.pdf",At entry level their enrolment ranged from lowest of 740 in 2017 to highest of 788 in 2016 registering a decrease of about 6% in rural area.,Neutral,27
"Sample Survey and Study under Section 12(1) (C) of the RTE Act, 2009.pdf",The portal for online education system should provide comprehensive information about dropouts and learning levels of EWS/DG students.,Neutral,18
Evaluation of Kasturba Gandhi Balika Vidyalayas (KGBVs) Scheme.pdf,Teachers have felt that they have to do a lot of extra work and put a lot of effort to make these girls future and wardens work for 24 hours.,Neutral,30
Evaluation of Kasturba Gandhi Balika Vidyalayas (KGBVs) Scheme.pdf,Teachers stay in hostel Under the KGBV scheme one of the teachers is normally functioning as warden of the hostels and normally the warden is expected to stay in the hostel.,Neutral,31
Evaluation of Kasturba Gandhi Balika Vidyalayas (KGBVs) Scheme.pdf,Help in studies in hostels by teachers Normally hostels will have arrangements for helping the hostel students in their studies by teachers visiting the hostels at regular intervals.,Neutral,28
"Sample Survey and Study under Section 12(1) (C) of the RTE Act, 2009.pdf",In Karnataka the head Master of every government school maintained the records of school going children.,Neutral,16
SSG-2022-report.pdf,"z z Among small States/UTs (Population <30 Lakhs) Andaman & Nicobar is on the top, followed by Daman & Diu & Dadar Nagar Haveli in the 2nd place and Sikkim took the 3rd place.",Neutral,34
State-Survey-of-School-Meal-Programs-in-India-Report-with-Annexes.pdf,Revision of Cooking Cost Circular. Accessed at http://mdm.nic.in/mdm_website/. Ministry of Human Resource Development (MHRD).,Neutral,14
"Sample Survey and Study under Section 12(1) (C) of the RTE Act, 2009.pdf","In the Directorate of Education, the Director is the Chief Executive Officer (CEO) assisted by Additional Directors, Deputy Directors of Education at various units/branches/districts and Principals of schools.",Neutral,28
Evaluation of Kasturba Gandhi Balika Vidyalayas (KGBVs) Scheme.pdf,"Ripa passed her class VIII exam from KGBV Hapjan in the year 2013 and was mainstreamed in class IX in Sarbajanin Girls HS School, Tinsukia in January 2014.",Neutral,28
Evaluation of Kasturba Gandhi Balika Vidyalayas (KGBVs) Scheme.pdf,(viii) They have supplied the text books to all the students.,Neutral,11
SSG-2022-report.pdf,SBM (G) has achieved the seemingly impossible task of 100 percent rural sanitation coverage and transformed India into an Open Defecation Free (ODF) country in a time-bound manner during Phase I (2014-19).,Neutral,32
Evaluation of Kasturba Gandhi Balika Vidyalayas (KGBVs) Scheme.pdf,146 Receipt of Uniform by girls The girls contacted during the survey were asked whether they receive adequate uniforms or not during the course of their stay in the KGBV.,Neutral,30
Evaluation of Kasturba Gandhi Balika Vidyalayas (KGBVs) Scheme.pdf,All the girls in Rajasthan are satisfied with the security arrangements.,Neutral,11
"Sample Survey and Study under Section 12(1) (C) of the RTE Act, 2009.pdf","In this context, the Aadhaar number of the candidate is necessary.",Neutral,11
Evaluation of Kasturba Gandhi Balika Vidyalayas (KGBVs) Scheme.pdf, For strengthening academic rigor of KGBVs the Karnataka Model can be adopted.,Neutral,13
State-Survey-of-School-Meal-Programs-in-India-Report-with-Annexes.pdf,"More than 1 in 5 children (22%) of ages 5 to 9 years are stunted (exhibiting low height-for-age), and this value is even higher for children below the age of 5.",Neutral,31
Evaluation of Kasturba Gandhi Balika Vidyalayas (KGBVs) Scheme.pdf,Infrastructure Proper infrastructure is the basic need for the proper functioning of the KGBVs.,Neutral,14
SSG-2022-report.pdf,"c. 100% check on the Geo coordinates of the sample village was done, to map the coordinates of the investigators during the data collection.",Neutral,24
SSG-2022-report.pdf,"Transfer of data required GSM or WiFi access, and this feature was available on each of the net book that was being used for data collection.",Neutral,26
State-Survey-of-School-Meal-Programs-in-India-Report-with-Annexes.pdf,"The MDM scheme is also one of the most promising interventions by the Government of India to ameliorate classroom hunger, improve children’s nutrition, and enhance school enrollment and attendance.",Neutral,29
Evaluation of Kasturba Gandhi Balika Vidyalayas (KGBVs) Scheme.pdf,Table 5.63 Distribution of girls as per their ranking of the extra class room activities.,Neutral,15
State-Survey-of-School-Meal-Programs-in-India-Report-with-Annexes.pdf,"dollars (USD) on January 1, 2021 was 73.12 INR per USD, or 0.014 USD per INR.",Neutral,16
"Sample Survey and Study under Section 12(1) (C) of the RTE Act, 2009.pdf",Table 2.12: Admissions in entry class in sample schools from 2015 to 2018 in Rural Delhi Year Admission taken Left Out (Without TC) Boys Girls TOTAL Boys Girls TOTAL No.,Neutral,30
SSG-2022-report.pdf,A detailed Implementation Plan was prepared considering the scale of the SSG 2022 survey.,Neutral,14
Evaluation of Kasturba Gandhi Balika Vidyalayas (KGBVs) Scheme.pdf,All the other selected schools were having 5 or less number of class rooms each.,Neutral,15
Evaluation of Kasturba Gandhi Balika Vidyalayas (KGBVs) Scheme.pdf,In about two third of the schools the maintenance is just good.,Neutral,12
Evaluation of Kasturba Gandhi Balika Vidyalayas (KGBVs) Scheme.pdf,Visits by Higher officials to KGBVs Distribution of selected KGBVs as per visit made or not by higher authorities is indicated in the table below.,Neutral,25
SSG-2022-report.pdf,Direct Observation (300 Marks) 286.42 Direct Observation of Households (150 Marks) 150 Direct Observation of Public Places (60 Marks) 59.69 Direct Observation of Village Level Waste Management Assets and IEC Displays (90 Marks) 76.73 8.,Neutral,35
Evaluation of Kasturba Gandhi Balika Vidyalayas (KGBVs) Scheme.pdf,Efforts have been done to give fair representation of different classes while selecting the girls.,Neutral,15
"Sample Survey and Study under Section 12(1) (C) of the RTE Act, 2009.pdf"," To examine student retention, drop-outs, learning achievement, social experience (presence/ absence of discrimination or biases).",Neutral,16
"Sample Survey and Study under Section 12(1) (C) of the RTE Act, 2009.pdf","Interestingly, a significant proportion of them rated it as ‘better’ (Total 45%; Rural 40%; Urban 50%).",Neutral,16
Evaluation of Kasturba Gandhi Balika Vidyalayas (KGBVs) Scheme.pdf,She requested and convinced her parents that this not her age for marriage and she should first finish her studies.,Neutral,20
SSG-2022-report.pdf,Investigators and supervisors were explained about the entire process during the training.,Neutral,12
Evaluation of Kasturba Gandhi Balika Vidyalayas (KGBVs) Scheme.pdf,Table 8.62 Distribution of teachers as per their satisfaction of the remuneration received.,Neutral,13
