policy_domain,app_name,package_name,review_text,rating
Education,Diksha,in.gov.diksha.app,its very nice and usefull chapters,5
Education,Diksha,in.gov.diksha.app,ऐप बहुत अच्छा है । लेकिन लाँग इन होने में बहुत परेशानी आ रही है ।,5
Education,Diksha,in.gov.diksha.app,जब ओपन करता हूं तो नाम आता है लोग आउट करके वापिस लोग इन करे??,1
Education,Diksha,in.gov.diksha.app,bahut accha app hai,5
Education,Diksha,in.gov.diksha.app,bekar app hai,1
Education,Diksha,in.gov.diksha.app,padhai karne ka sabse achha sadhan hai,5
Education,Diksha,in.gov.diksha.app,faltu app hain khul hi nahi raha,1
Education,Diksha,in.gov.diksha.app,nise,5
Education,Diksha,in.gov.diksha.app,Not a single video is starting.,1
Education,Diksha,in.gov.diksha.app,worst app I have ever seen kabhi kuchh accha nhi bana skte ye log,1
Education,Diksha,in.gov.diksha.app,Best,5
Education,Diksha,in.gov.diksha.app,good 😊 exprencence,5
Education,Diksha,in.gov.diksha.app,it's very very useful for exam preparation ❤️❤️❤️,5
Education,Diksha,in.gov.diksha.app,Good,3
Education,Diksha,in.gov.diksha.app,"सबसे खराब ऐप है, कोर्स कहां है और कैसे करें पता ही नहीं चलता है,",1
Education,Diksha,in.gov.diksha.app,there's nothing in this app . absolute waste..,1
Education,Diksha,in.gov.diksha.app,he open hot nahi,1
Education,Diksha,in.gov.diksha.app,just before starting any video two options pop up log out or cancel continue glitches,1
Education,Diksha,in.gov.diksha.app,After scanning the QR code stepping into the video class then the video stops between every 10 seconds,4
Education,Diksha,in.gov.diksha.app,bahut achha app hai,5
Education,Diksha,in.gov.diksha.app,bahut Sundar hai bhai,5
Education,Diksha,in.gov.diksha.app,"worst app ,most of the time it doesn't work out. and now it is started to get blank out also",1
Education,Diksha,in.gov.diksha.app,Waste of time,1
Education,Diksha,in.gov.diksha.app,"worst app ever, it's not allow me to even login",1
Education,Diksha,in.gov.diksha.app,Very good 👍,5
Education,Diksha,in.gov.diksha.app,this app is waste because I installed two times and it is showing this app isn't linked with this version,1
Education,Diksha,in.gov.diksha.app,pooorr and 💩💩💩💩,1
Education,Diksha,in.gov.diksha.app,"App will always ask for login when visited and ai feature will work slow sometimes may not work properly , please faster the performance",4
Education,Diksha,in.gov.diksha.app,ok,5
Education,Diksha,in.gov.diksha.app,this app is best 😇👍🫡🤗😱,5
Education,Diksha,in.gov.diksha.app,this app is very important for all the candidates,5
Education,Diksha,in.gov.diksha.app,Too good 👍,5
Education,Diksha,in.gov.diksha.app,it is not useful for students,1
Education,Diksha,in.gov.diksha.app,very nice,5
Education,Diksha,in.gov.diksha.app,It is ok but it doesn't have proper answer,3
Education,Diksha,in.gov.diksha.app,good,5
Education,Diksha,in.gov.diksha.app,aap is the best,5
Education,Diksha,in.gov.diksha.app,"Whenever I ask something, this app only tells me"" I don't know "".",1
Education,Diksha,in.gov.diksha.app,"good, leave me",1
Education,Diksha,in.gov.diksha.app,please resolve 404 error,1
Education,Diksha,in.gov.diksha.app,excellent,5
Education,Diksha,in.gov.diksha.app,మొడ్డని,1
Education,Diksha,in.gov.diksha.app,there any agxhxxxxzxxxxxxxe restrictions for using the applicationthere any age restrictions for using the application,2
Education,Diksha,in.gov.diksha.app,Good 👍,5
Education,Diksha,in.gov.diksha.app,z hair lo na,1
Education,Diksha,in.gov.diksha.app,WERY nice app,5
Education,Diksha,in.gov.diksha.app,worst app,1
Education,Diksha,in.gov.diksha.app,best,5
Education,Diksha,in.gov.diksha.app,government should get better teachers,2
Education,Diksha,in.gov.diksha.app,Accha,5
Education,Diksha,in.gov.diksha.app,it a very nice app,5
Education,Diksha,in.gov.diksha.app,when I open cources the app shows update now,5
Education,Diksha,in.gov.diksha.app,क्या भारत के software इंजीनियर लोगों को एक्सेसिबिलिटी देनी नहीं आती है? अगर ऐसा नहीं है तो आप लोग इसको एक्सेसिबल क्यों नहीं बनाते हैं ब्लाइंड के लिए यह बिल्कुल भी एक्सेसिबल नहीं है आप लोग क्यों नहीं इसे आसान बनाते हैं अपडेट करके और भी बेकार कर दिया है. आप लोग ऐप् को आसान बनाएं ताकि हम लोग CPD course के अपने घंटे पूरे कर सकें अगर आप लोग app को accessible बनाना नहीं जानतेज्ञ तो कृपया गूगल से कांटेक्ट करें वह आपको बताएंगे कि ऐप को एक्सेसिबल कैसे बनाया जाता है,1
Education,Diksha,in.gov.diksha.app,good app⭐⭐⭐⭐⭐,5
Education,Diksha,in.gov.diksha.app,app is not working,1
Education,Diksha,in.gov.diksha.app,Asks for updates frequently,3
Education,Diksha,in.gov.diksha.app,this app is not working because when I am open this app and a technical issue in the app,3
Education,Diksha,in.gov.diksha.app,दीक्षा सतत् अधिगम का एक सहज और सरल मंच है यहाँ पर अनेक ज्ञानवर्धक और प्रेरक पाठ्यक्रम सम्बंधी कोर्सेस आसानी से और निः शुल्क सीखने को मिल रहे हैं । इससे हमारा अकादमिक और व्यावसायिक उन्नयन संभव हो सका है । धन्यवाद दीक्षा,5
Education,Diksha,in.gov.diksha.app,Fix the bug for god sake,1
Education,Diksha,in.gov.diksha.app,nice this app but I not like this app.,2
Education,Diksha,in.gov.diksha.app,best,5
Education,Diksha,in.gov.diksha.app,best app for digibook,5
Education,Diksha,in.gov.diksha.app,खूपच वाईट,1
Education,Diksha,in.gov.diksha.app,वीडियो की क्वालिटी सेट करने के लिए ऑप्शन दो हमारे यहां नेटवर्क नहीं रहता हैं। इस कारण परेशानी होती है। और डाटा भी अधिक जाता है। वीडियो रुक रुक कर चला कृपया थोड़ा सुधार करें।,4
Education,Diksha,in.gov.diksha.app,nice,4
Education,Diksha,in.gov.diksha.app,very glitches in this application,1
Education,Diksha,in.gov.diksha.app,ai feature will not properly response in some time and app needs to speed up for current time competation still good option,4
Education,Diksha,in.gov.diksha.app,overall good i just have a problem I update it whenever it requires but still next time not even a week within I again have to update it and why do I need to log in every time and not all resources are shown sometimes its just blank,2
Education,Diksha,in.gov.diksha.app,I had a very bad experience,1
Education,Diksha,in.gov.diksha.app,very very nice 🙂 app bro 😁,5
Education,Diksha,in.gov.diksha.app,such a slow app no matter if you complete a course it won't show that the course is completed and people can't even ask for help there. Even if this is a government app atleast fix the bugs and modify the app.,2
Education,Diksha,in.gov.diksha.app,nice,5
Education,Diksha,in.gov.diksha.app,good,5
Education,Diksha,in.gov.diksha.app,good,5
Education,Diksha,in.gov.diksha.app,it is doesn't open,1
Education,Diksha,in.gov.diksha.app,ಓಪನ್ ಮಾಡಕ್ ಆಗ್ತಾ ಇಲ್ಲ,1
Education,Diksha,in.gov.diksha.app,"why I am unable to download the application. I tried for the last 1/2 hr, I think their is a problem in the application",1
Education,Diksha,in.gov.diksha.app,very nice app for the learning of the students,4
Education,Diksha,in.gov.diksha.app,it hangs every minute,1
Education,Diksha,in.gov.diksha.app,"so irritating app ,some functions are not work properly 👎👎",1
Education,Diksha,in.gov.diksha.app,nice अप्प,4
Education,Diksha,in.gov.diksha.app,This app has worst videos and some videos are not opening also this app is not work good since I have redmi A3x new phone and also says network error,1
Education,Diksha,in.gov.diksha.app,very good👍👍,5
Education,Diksha,in.gov.diksha.app,"Before this app used to work good but now it is showing"" no data found""",1
Education,Diksha,in.gov.diksha.app,The Diksha app became even more nonsensical than before. The video of the course in the app does not proceed even after watching it several times.,2
Education,Diksha,in.gov.diksha.app,it is benefitial to think about any problem and also useful in solving the same,3
Education,Diksha,in.gov.diksha.app,"Dear Diksha Support Team, My diksha app is not working. it is giving me an error in courses. I am unable to complete any course. Please help me.",1
Education,Diksha,in.gov.diksha.app,"इस बार का अपडेट बहुत ही बेकार है पहले वाला अपडेट लाइए 🙏🙏 किताब फुल स्क्रीन पर दिखता भी नहीं है, फुल स्क्रीन करने में दिक्कत आता है, हम अलग अलग कक्ष की पुस्तक को एक ही साथ नहीं पढ़ पाते हैं। जब एक पेज को फुल स्क्रीन पर करते हैं तो दूसरा पेज आता नहीं है पहले वाले पेज को छोटा करना पड़ता है तब दूसरा पेज ओपन होता है please इस चीज को ठीक कीजिए जल्दी। 🙏🙏🙏🙏🙏🙏🙏🙏🙏🙏🙏",4
Education,Diksha,in.gov.diksha.app,ver y nice app for school work,5
Education,Diksha,in.gov.diksha.app,very nice app,5
Education,Diksha,in.gov.diksha.app,it's not installed in my phone,5
Education,Diksha,in.gov.diksha.app,DIKSHA is best platform for education,5
Education,Diksha,in.gov.diksha.app,मेरी कक्षा 5 की किताब को बोल रहे हैं अंक जगत मगर ए नहीं रही है सरकारियों की प्लीज उसको चालू कर दीजिए,2
Education,Diksha,in.gov.diksha.app,the app doesn't get open quickly takes too much time to open and I can't study using this app,2
Education,Diksha,in.gov.diksha.app,This app is very useful app.,5
Education,Diksha,in.gov.diksha.app,good app for education,5
Education,Diksha,in.gov.diksha.app,गुड,5
Education,Diksha,in.gov.diksha.app,vry helpful,5
Education,Diksha,in.gov.diksha.app,super,5
Education,Diksha,in.gov.diksha.app,l can't use the QR code scanner and when I click continue something gets copy and I don't know how to sign up form Google when wherever l was clicked on the sing up something gets copy please develop the app nicely,1
Education,Diksha,in.gov.diksha.app,good,1
Education,Diksha,in.gov.diksha.app,વાવ,2
Education,Diksha,in.gov.diksha.app,good,5
Education,Diksha,in.gov.diksha.app,no use waste app I thought it is too but not is it right 🤬🤬,1
Education,Diksha,in.gov.diksha.app,super aap this aap is read and learn to book scaner 👍 thanks i am naitik. prajapati i. live in surajana naya mp 14 in mandsour 🙏💐🌹🌹🌹🌹💐😊😊👌👌👌👌👌👌🤑👌👌🤑👌👌👌👌👌👌👌👌👌👌👌👌👌👌👌👌👌👌👌👌👌👌👌👌👌👌👌👌👌👌👌😍😍😍👌😍👌👌👌😍😍👌👌👌,5
Education,Diksha,in.gov.diksha.app,ok,5
Education,Diksha,in.gov.diksha.app,it has came first I open means update came I have did after it all changea,1
Education,Diksha,in.gov.diksha.app,good aap 👍🏻👍🏻👍🏻,5
Education,Diksha,in.gov.diksha.app,this app is not supporting visually impaired this app is not supporting TalkBack option and also improve the accessibility features in this app,2
Education,Diksha,in.gov.diksha.app,the app was so good,5
Education,Diksha,in.gov.diksha.app,this app when you use you will get network problem and when you use to see the video you have need more MB while you are watching toll platform is good but network is not good even you use airtel or Jio network is always low,1
Education,Diksha,in.gov.diksha.app,Kindly make this app suitable for Android 8 also. This app is not compatible with Android 8.,4
Education,Diksha,in.gov.diksha.app,unable to login through the option because of an error: login with state system > Rajasthan > unable to connect to the remote server,1
Education,Diksha,in.gov.diksha.app,excellent service,5
Education,Diksha,in.gov.diksha.app,last few months I cant open the CPD traning for the teachers ... what can i do. please give a solution. If I open the link its not entering the Diksha app. If I type the course name in the app also it was not available ..,1
Education,Diksha,in.gov.diksha.app,raj Sharma yah aap bahot acha hi,4
Education,Diksha,in.gov.diksha.app,good app for educational purposes,5
Education,Diksha,in.gov.diksha.app,awesome app,5
Education,Diksha,in.gov.diksha.app,I am trying to open it but it's not opening.,1
Education,Diksha,in.gov.diksha.app,10yeard,5
Education,Diksha,in.gov.diksha.app,not working now what I have to do,5
Education,Diksha,in.gov.diksha.app,Diksha app is a very helpful for students 👍👍,5
Education,Diksha,in.gov.diksha.app,This app is very good for all the students.,5
Education,Diksha,in.gov.diksha.app,nice app,5
Education,Diksha,in.gov.diksha.app,please help me,1
Education,Diksha,in.gov.diksha.app,स्टेट सिस्टम से लोगइन नही हो रहा है।,1
Education,Diksha,in.gov.diksha.app,"At first many formalities were asked which is okay as I was new to the app. but when these were over, a pop up type message came in front of me saying do you agree to terms and conditions. as as a responsible citizen I red and agreed but still the would not open. the loading option comes and disappears. nothing else. I want to do MCQ of the AI session that NCERT has recently started.",1
Education,Diksha,in.gov.diksha.app,this update is pathetic. I don't like this update and want the previous version. why the books of high school and intermediate are gone?,1
Education,Diksha,in.gov.diksha.app,quite new to me .,5
Education,Diksha,in.gov.diksha.app,it's not opening itself,1
Education,Diksha,in.gov.diksha.app,Good,5
Education,Diksha,in.gov.diksha.app,very nice app,5
Education,Diksha,in.gov.diksha.app,nice,5
Education,Diksha,in.gov.diksha.app,fhaltu app,1
Education,Diksha,in.gov.diksha.app,bad,1
Education,Diksha,in.gov.diksha.app,👍🏻👍🏻 Good,2
Education,Diksha,in.gov.diksha.app,it is very useful to students,5
Education,Diksha,in.gov.diksha.app,good,5
Education,Diksha,in.gov.diksha.app,nice and very good app I like this app,5
Education,Diksha,in.gov.diksha.app,1- एक से अधिक अकॉउंट मर्ज कैसे होंगे ?,1
Education,Diksha,in.gov.diksha.app,It's very helpful for both teachers and students 😊,5
Education,Diksha,in.gov.diksha.app,bhut badiya app he aap bhi 1 baar check kre or review bhi de taki or logo ko help mil sake pdai me,5
Education,Diksha,in.gov.diksha.app,Usefull,5
Education,Diksha,in.gov.diksha.app,nice,1
Education,Diksha,in.gov.diksha.app,best app for teachers and learners,5
Education,Diksha,in.gov.diksha.app,💯💯‼‼‼‼‼‼‼💯🤣💔🙏🙏😆,5
Education,Diksha,in.gov.diksha.app,so bad 😞😞😔,1
Education,Diksha,in.gov.diksha.app,i don't know what is the problem with this app it was such an annoying app because it was not coming to open such a irritating app with 0 use if we want know what is the use of this app atleast we have to use the app but after logging also it was not working. it wasted my time and data,1
Education,Diksha,in.gov.diksha.app,जब नये पद्धति का पुस्तक प्रकाशित किया जा चुका है तों उनके उत्तर को ४ महिनों में भी नहीं डाल सके इस ऐप मे।,1
Education,Diksha,in.gov.diksha.app,one of the worst apps some textbooks are not displaying from Andhra Pradesh board,1
Education,Diksha,in.gov.diksha.app,very bad,1
Education,Diksha,in.gov.diksha.app,"Really helpful app for teachers and students! It's easy to use, and the content is well-organized. Great for online learning and training.",5
Education,Diksha,in.gov.diksha.app,very good 👍 👏 👌,5
Education,Diksha,in.gov.diksha.app,"Diksha Book वाकई शानदार है! ✨ इसमें concepts clear हैं, language आसान है और examples भी exam-oriented हैं। 12th science के students के लिए ये book एकदम helpful साबित होती है। 🔥 Suggestion: बस एक ही कमी है — notes की थोड़ी कमी महसूस होती है। अगर short notes या summary add कर दी जाए, तो ये book पूरी तरह perfect बन जाएगी! 📖💫",5
Education,Diksha,in.gov.diksha.app,bhavika,5
Education,Diksha,in.gov.diksha.app,very nice app Diksha,4
Education,Diksha,in.gov.diksha.app,good,5
Education,Diksha,in.gov.diksha.app,more usefully,5
Education,Diksha,in.gov.diksha.app,it is good app for students that's nay opinion,4
Education,Diksha,in.gov.diksha.app,kharab aap,1
Education,Diksha,in.gov.diksha.app,Good App 😀👍❤️‍🩹🥀🤪,5
Education,Diksha,in.gov.diksha.app,outstanding,5
Education,Diksha,in.gov.diksha.app,This app is not working in My 65 interactive Display Please provide a solution.So that I can use this app for teaching my students.,3
Education,Diksha,in.gov.diksha.app,good but I want that app for my studies please,5
Education,Diksha,in.gov.diksha.app,worst app. there is no content related to any chapter in this board it's not useful at all .how to use this app while content not provide whenever I use it I don't get any content,1
Education,Diksha,in.gov.diksha.app,"after Latest app Update, Login issue. Login again and again. everytime you open App, do login Login again and again. please solve Login issue.",1
Education,Diksha,in.gov.diksha.app,this app is very nice for learning but I think devloper was sleeping while making this app. because the app is sead me to complete my profile and when went there was no save button in personal profile and app is not allowing me to study 😔,4
Education,Diksha,in.gov.diksha.app,"The app is best for students & teachers, like learn and trainings.",5
Education,Diksha,in.gov.diksha.app,"It's a good app for teachers, but many of its videos and other content are not working and showing errors, even when I'm using the latest version.",3
Education,Diksha,in.gov.diksha.app,iam doing 21vi Sadi ke kaushal cource by scert Uttarakhand but when going at mid evaluation of 2nd module self awareness and giving correct answer but showing 0/5 marks every time and showing try again. please solve it.,1
Education,Diksha,in.gov.diksha.app,Very bad app 🤬🤬🤬,1
Education,Diksha,in.gov.diksha.app,"the content of app is very helpful but the problem is that the app is very slow often it takes too much time to play a small video, this makes the app useless sometimes.",1
Education,Diksha,in.gov.diksha.app,amazing,5
Education,Diksha,in.gov.diksha.app,"Earlier, this app was better working, but after updates, it totally changed and the whole digital text books of the Bihar board has gone missing. Too irritating app.",1
Education,Diksha,in.gov.diksha.app,very useful for me,4
Education,Diksha,in.gov.diksha.app,I Rate this app 1000/1000,5
Education,Diksha,in.gov.diksha.app,Excellent,5
Education,Diksha,in.gov.diksha.app,This app was amazing before update. After update it become worst.,1
Education,Diksha,in.gov.diksha.app,best digital platform,5
Education,Diksha,in.gov.diksha.app,maha ghatia appp,1
Education,Diksha,in.gov.diksha.app,this app is very nice 👍☺️👌,5
Education,Diksha,in.gov.diksha.app,in recent update everytime I am getting logged out,5
Education,Diksha,in.gov.diksha.app,𝒑𝒖𝒔𝒑𝒂𝒍𝒂𝒕𝒂,5
Education,Diksha,in.gov.diksha.app,Explore more class text book at a time is missing please update,3
Education,Diksha,in.gov.diksha.app,1)ola app was very very good. 2)updated app is very very third class 3)login not work properly 4)I already registered but I can't login 5)old app provided all class and all subject material and videos But new updated aap provide selected class materials. so old app was very very good. that's why i want uninstall this app and unregistered,1
Education,Diksha,in.gov.diksha.app,best app,5
Education,Diksha,in.gov.diksha.app,Padhne ke liye yah bahut hi acha app hii,5
Education,Diksha,in.gov.diksha.app,excellent flatform,5
Education,Diksha,in.gov.diksha.app,not working properly all the time.,2
Education,Diksha,in.gov.diksha.app,bad,1
Education,Diksha,in.gov.diksha.app,थ ल लव. ल थ द र ल. म य त्ऋ त घ ढ म,5
Education,Diksha,in.gov.diksha.app,did everybody3,5
Education,Diksha,in.gov.diksha.app,Rihan,5
Education,Diksha,in.gov.diksha.app,help,5
Education,Diksha,in.gov.diksha.app,verybad,1
Education,Diksha,in.gov.diksha.app,मै दीक्षा अप्प को बहुत समय से प्रयोग कर रही हूँ लेकिन जो नई अपडेट आयी हैं वो बिलकुल ही बकवास हैं। आशा करती हूँ की दीक्षा का पुराना version भी विकल्प मे होगा।,1
Education,Diksha,in.gov.diksha.app,useless app made by education department. non of the work sheets open or download after the recent update,1
Education,Diksha,in.gov.diksha.app,♥️♥️♥️♥️♥️♥️♥️♥️♥️♥️,5
Education,Diksha,in.gov.diksha.app,good,3
Education,Diksha,in.gov.diksha.app,It is very nice app.It is very useful for teachers.,5
Health,Aarogya Setu,nic.goi.aarogyasetu,erro to login why I couldn't understand,2
Health,Aarogya Setu,nic.goi.aarogyasetu,very baddddd,1
Health,Aarogya Setu,nic.goi.aarogyasetu,verry bed service,2
Health,Aarogya Setu,nic.goi.aarogyasetu,stopped working now. another one of those govt brainwaves that go down the gutter. future of Sanchar Sathi. All noise,1
Health,Aarogya Setu,nic.goi.aarogyasetu,it doesn't install another mobile,1
Health,Aarogya Setu,nic.goi.aarogyasetu,app not working,1
Health,Aarogya Setu,nic.goi.aarogyasetu,worest,1
Health,Aarogya Setu,nic.goi.aarogyasetu,nice,5
Health,Aarogya Setu,nic.goi.aarogyasetu,"App crashing after location permission, then after entering mobile number, it's unable to login.",1
Health,Aarogya Setu,nic.goi.aarogyasetu,very bad koi bhi govt hospital ki report open nhi hoti hai,1
Health,Aarogya Setu,nic.goi.aarogyasetu,having problem in login is the error,1
Health,Aarogya Setu,nic.goi.aarogyasetu,Unable to use the app because its crashed on the very first page,1
Health,Aarogya Setu,nic.goi.aarogyasetu,Nice and best app,5
Health,Aarogya Setu,nic.goi.aarogyasetu,awesome 👍,5
Health,Aarogya Setu,nic.goi.aarogyasetu,🥰 Very Nice App 🥰 ...,5
Health,Aarogya Setu,nic.goi.aarogyasetu,bad,1
Health,Aarogya Setu,nic.goi.aarogyasetu,ekdam bakwas app hai open hi nahi hota hai,1
Health,Aarogya Setu,nic.goi.aarogyasetu,"Not able to proceed when I click ""I Agree"" since 3 days. when I put mobile number, it shows ""error logging you in"". what's wrong with the application? Update- another week passed, and the issue is not resolved.",1
Health,Aarogya Setu,nic.goi.aarogyasetu,nahi chahiye,1
Health,Aarogya Setu,nic.goi.aarogyasetu,unable to login... kindly support,1
Health,Aarogya Setu,nic.goi.aarogyasetu,not working,1
Health,Aarogya Setu,nic.goi.aarogyasetu,can't login by mobile number it is showing something is error...,1
Health,Aarogya Setu,nic.goi.aarogyasetu,unable to login app after updating plz help,3
Health,Aarogya Setu,nic.goi.aarogyasetu,I can not even log in,1
Health,Aarogya Setu,nic.goi.aarogyasetu,"This app is not working. Tried better and better connectivity network,",1
Health,Aarogya Setu,nic.goi.aarogyasetu,FALTU AAP KONI BANAVALA BE,1
Health,Aarogya Setu,nic.goi.aarogyasetu,Worst app that I have ever used. I can't even login,1
Health,Aarogya Setu,nic.goi.aarogyasetu,not able to open my account at all,1
Health,Aarogya Setu,nic.goi.aarogyasetu,love it,5
Health,Aarogya Setu,nic.goi.aarogyasetu,dumbass app,1
Health,Aarogya Setu,nic.goi.aarogyasetu,nice app,5
Health,Aarogya Setu,nic.goi.aarogyasetu,bakwas,1
Health,Aarogya Setu,nic.goi.aarogyasetu,"This app logs out occassionally and then always gives error for login with mobile number. The error says - There is some error logging you in. Where as we input correct number, but error is consistent and we also tried logging with many other phone numbers of family members and friends, on their respective devices. Everyone facing the same logging issue. Please check",1
Health,Aarogya Setu,nic.goi.aarogyasetu,not able to log in through the app,1
Health,Aarogya Setu,nic.goi.aarogyasetu,"Worst app in the world, they are not able to fix login problem for last 5 years. Does Indian government doesn't pay them or are they corrupted to their core. Please fix these small bugs.",1
Health,Aarogya Setu,nic.goi.aarogyasetu,I cannot log in app.. Please fix it,5
Health,Aarogya Setu,nic.goi.aarogyasetu,showing error while logging in,1
Health,Aarogya Setu,nic.goi.aarogyasetu,not interested.,1
Health,Aarogya Setu,nic.goi.aarogyasetu,This App Has An Log In Issues For Past 4 years But Still Having Same issue 😶😕 This Is Called Government App 🤔,1
Health,Aarogya Setu,nic.goi.aarogyasetu,log in problem ho raha hai,1
Health,Aarogya Setu,nic.goi.aarogyasetu,Most useful.,5
Health,Aarogya Setu,nic.goi.aarogyasetu,fail to login mobile no not get when login,3
Health,Aarogya Setu,nic.goi.aarogyasetu,Good,5
Health,Aarogya Setu,nic.goi.aarogyasetu,Very nice app,5
Health,Aarogya Setu,nic.goi.aarogyasetu,Indian aap,5
Health,Aarogya Setu,nic.goi.aarogyasetu,",z DX a",5
Health,Aarogya Setu,nic.goi.aarogyasetu,👎💔,1
Health,Aarogya Setu,nic.goi.aarogyasetu,unable to login due to technical issues,1
Health,Aarogya Setu,nic.goi.aarogyasetu,"not accepting mobile number, login issue",1
Health,Aarogya Setu,nic.goi.aarogyasetu,not working no logging app,1
Health,Aarogya Setu,nic.goi.aarogyasetu,ok,5
Health,Aarogya Setu,nic.goi.aarogyasetu,Great 👍,5
Health,Aarogya Setu,nic.goi.aarogyasetu,"Resoected Sir/Madam, Previously Arogya Setu working well but now when I submit my phone No , it did not working after that.",5
Health,Aarogya Setu,nic.goi.aarogyasetu,cannot login,1
Health,Aarogya Setu,nic.goi.aarogyasetu,"Error login even after multiple tries. If the app is used as reference for international purposes, it should run smoothly.",1
Health,Aarogya Setu,nic.goi.aarogyasetu,I'm not login my account,1
Health,Aarogya Setu,nic.goi.aarogyasetu,does not work. error logging in. worthless,1
Health,Aarogya Setu,nic.goi.aarogyasetu,"worst app when i installed it it started on off on off my screen and not giving to type my mobile number, i think developed by 10 th class student",1
Health,Aarogya Setu,nic.goi.aarogyasetu,"Sir, I am facing login problem. My mobile number doesn't accept and show ' some error ' 😭😭",1
Health,Aarogya Setu,nic.goi.aarogyasetu,veery bad service,1
Health,Aarogya Setu,nic.goi.aarogyasetu,"Experiencing ""some error logging you in"". Nothing seems to fix it. Major inconvenience.",1
Health,Aarogya Setu,nic.goi.aarogyasetu,Government need to enhance their apps to provide better connectivity these apps have login error also trouble in login. there are so many coders web developers government need to use their own peoples to make better connectivity,1
Health,Aarogya Setu,nic.goi.aarogyasetu,There is some error trying logging you. This is coming inthe red words when i try to log in with my mobile number.,1
Health,Aarogya Setu,nic.goi.aarogyasetu,I see a lot of bugs while launching the app. It is not taking the mobile number at the same time it is falling,1
Health,Aarogya Setu,nic.goi.aarogyasetu,❤️,5
Health,Aarogya Setu,nic.goi.aarogyasetu,unable to login,1
Health,Aarogya Setu,nic.goi.aarogyasetu,not submitted mobile number for use of application,1
Health,Aarogya Setu,nic.goi.aarogyasetu,"hi sir, is this service stopped. we were regularly using this it was really helpful",4
Health,Aarogya Setu,nic.goi.aarogyasetu,"can't even start always the same error while Login there is some error logging you in, useless app",1
Health,Aarogya Setu,nic.goi.aarogyasetu,useless,1
Health,Aarogya Setu,nic.goi.aarogyasetu,cannot enter details. phone keyboard continuously up and down,1
Health,Aarogya Setu,nic.goi.aarogyasetu,tik hui,5
Health,Aarogya Setu,nic.goi.aarogyasetu,There is some error logging you in- after entering mobile number and hitting the submit button can't even log in Best part is the Developer Never responds to any feedback,1
Health,Aarogya Setu,nic.goi.aarogyasetu,app is not letting me log in using my mobile number. It says something went wrong.,1
Health,Aarogya Setu,nic.goi.aarogyasetu,log in problem,1
Health,Aarogya Setu,nic.goi.aarogyasetu,useless no use login error,1
Health,Aarogya Setu,nic.goi.aarogyasetu,Login issue,1
Health,Aarogya Setu,nic.goi.aarogyasetu,First Covishield was done on 4th March and second one on 15th April but still only provisional certificate is issued,5
Health,Aarogya Setu,nic.goi.aarogyasetu,unable to login. says some error in logging in. but not other option to resolve. please take initiative,1
Health,Aarogya Setu,nic.goi.aarogyasetu,bad experience,1
Health,Aarogya Setu,nic.goi.aarogyasetu,stopped working,1
Health,Aarogya Setu,nic.goi.aarogyasetu,not working,1
Health,Aarogya Setu,nic.goi.aarogyasetu,this app glitch slow n error no response from server,1
Health,Aarogya Setu,nic.goi.aarogyasetu,*No improvement at all in last 5 years. Read my post sent below. After submitting a number you do not send OPP to registered mobile !! Wonder !!!* Contributing button does not work. So one cannot register himself or herself. By mistake if we come in contact will the alarm ring ? What way it will inform ? Arogya setu is not working. 3/4 days ago it was working. Definitely some virus has infected the app itself. Please rectify urgently.,2
Health,Aarogya Setu,nic.goi.aarogyasetu,worst app. login problem,1
Health,Aarogya Setu,nic.goi.aarogyasetu,not working,1
Health,Aarogya Setu,nic.goi.aarogyasetu,not work at all.idk why ?,1
Health,Aarogya Setu,nic.goi.aarogyasetu,unable to log in,1
Health,Aarogya Setu,nic.goi.aarogyasetu,not working,1
Health,Aarogya Setu,nic.goi.aarogyasetu,Very nice,5
Health,Aarogya Setu,nic.goi.aarogyasetu,not working in 2025 i am unable to download my vaccine certificate.,1
Health,Aarogya Setu,nic.goi.aarogyasetu,it simply doesn't allow login after agreeing to terms and conditions,1
Health,Aarogya Setu,nic.goi.aarogyasetu,"Right now ,I need my vaccination certificated and i am not able to log in this app ,why?",1
Health,Aarogya Setu,nic.goi.aarogyasetu,not working,1
Health,Aarogya Setu,nic.goi.aarogyasetu,i am unable to login using mobile number and same things happen with my husband and other family members.,3
Health,Aarogya Setu,nic.goi.aarogyasetu,every time when try to login error,1
Health,Aarogya Setu,nic.goi.aarogyasetu,"this app is not providing proper service to their users I can't even login into app after agreed to location and T&C the app ask to enter the mob no. but after that i am getting an error message ""there is some error logging you in"" How to login now? please see into it and resolve asap",1
Health,Aarogya Setu,nic.goi.aarogyasetu,it is not working at all pathetic service no one available on phone support.is this digital India or joke?,1
Health,Aarogya Setu,nic.goi.aarogyasetu,government Ne is app ko band kar diya aur covin wale website ko bhi band kar diya hai,1
Health,Aarogya Setu,nic.goi.aarogyasetu,remove the login glitch,1
Health,Aarogya Setu,nic.goi.aarogyasetu,don't download plz 🙏,1
Health,Aarogya Setu,nic.goi.aarogyasetu,Horrible. Didn't expect this from this Government.,1
Health,Aarogya Setu,nic.goi.aarogyasetu,jab se aaya tab se ab tak login error hi sahi nhi hua pta nhi govt kese aap develop kerti hai,1
Health,Aarogya Setu,nic.goi.aarogyasetu,unable to login.,1
Health,Aarogya Setu,nic.goi.aarogyasetu,app is not open,1
Health,Aarogya Setu,nic.goi.aarogyasetu,always down,1
Health,Aarogya Setu,nic.goi.aarogyasetu,"this app allways issue show ""thee is some error login you in "" I try 3 month regular but same issues show all time .wrost app 😡😡",1
Health,Aarogya Setu,nic.goi.aarogyasetu,App is unable to send OTP and I am not able to login in the APP.,4
Health,Aarogya Setu,nic.goi.aarogyasetu,App is not working,1
Health,Aarogya Setu,nic.goi.aarogyasetu,App crashes after agreeing to the terms and conditions.,1
Health,Aarogya Setu,nic.goi.aarogyasetu,"सहस्त्र कोटि चरणस्पर्श,, प्रणाम,, शुभकामनाएं एवं बधाई!!",5
Health,Aarogya Setu,nic.goi.aarogyasetu,not working at all,1
Health,Aarogya Setu,nic.goi.aarogyasetu,worst app previously i signed up with my number here but now I am not able to login as well as not able signup total waste of time,1
Health,Aarogya Setu,nic.goi.aarogyasetu,most useless app man I can't even log in why india cannot make a proper one app,1
Health,Aarogya Setu,nic.goi.aarogyasetu,I don't like it when I try to log in and it says error,1
Health,Aarogya Setu,nic.goi.aarogyasetu,Login problem,3
Health,Aarogya Setu,nic.goi.aarogyasetu,worst app 5 year mee aaj tk server thik nhi hua always showing error,1
Health,Aarogya Setu,nic.goi.aarogyasetu,never accept a 10 digit number very poor service,1
Health,Aarogya Setu,nic.goi.aarogyasetu,trash application. it doesn't open. the government only makes people fool.,1
Health,Aarogya Setu,nic.goi.aarogyasetu,I am unable to logging in aarogya setu app for a long time,1
Health,Aarogya Setu,nic.goi.aarogyasetu,"I am getting problem while logging in this app many times, error comes again and again",1
Health,Aarogya Setu,nic.goi.aarogyasetu,not working,1
Health,Aarogya Setu,nic.goi.aarogyasetu,not working,1
Health,Aarogya Setu,nic.goi.aarogyasetu,it's not working seems nowadays. I downloaded again and it's not accepting mobile number also and says error occurs,1
Health,Aarogya Setu,nic.goi.aarogyasetu,not able to login error show.. there is some error login you,1
Health,Aarogya Setu,nic.goi.aarogyasetu,good,5
Health,Aarogya Setu,nic.goi.aarogyasetu,"not able login, tried so many times. pls help",1
Health,Aarogya Setu,nic.goi.aarogyasetu,app hi oepn nhi ho raha hai,1
Health,Aarogya Setu,nic.goi.aarogyasetu,Login problem,1
Health,Aarogya Setu,nic.goi.aarogyasetu,Application crashes whenever tried to login at the point when mobile no is asked for login .,3
Health,Aarogya Setu,nic.goi.aarogyasetu,this app is not work login issue please check the problems and resolve,1
Health,Aarogya Setu,nic.goi.aarogyasetu,There is some error logging you in I- I keep getting this message. It doesn't say what error or how I can fix it.,1
Health,Aarogya Setu,nic.goi.aarogyasetu,not able to login with mobile number pls help and fix,1
Health,Aarogya Setu,nic.goi.aarogyasetu,facing problem in login,2
Health,Aarogya Setu,nic.goi.aarogyasetu,very nice,4
Health,Aarogya Setu,nic.goi.aarogyasetu,i am unable to login,1
Health,Aarogya Setu,nic.goi.aarogyasetu,very bad aap,1
Health,Aarogya Setu,nic.goi.aarogyasetu,not able to login,1
Health,Aarogya Setu,nic.goi.aarogyasetu,wrost app can't login into app,1
Health,Aarogya Setu,nic.goi.aarogyasetu,login error 😞,1
Health,Aarogya Setu,nic.goi.aarogyasetu,This app crashes suddenly and shows errors when I try to log in.,1
Health,Aarogya Setu,nic.goi.aarogyasetu,sorry,1
Health,Aarogya Setu,nic.goi.aarogyasetu,what a nonsense and buggy app why does all govt apps are not working,1
Health,Aarogya Setu,nic.goi.aarogyasetu,not able to login,1
Health,Aarogya Setu,nic.goi.aarogyasetu,worst app cant even login at first,1
Health,Aarogya Setu,nic.goi.aarogyasetu,Good 👍,5
Health,Aarogya Setu,nic.goi.aarogyasetu,if it is discontinued why is it still here. doesn't work anyways.,1
Health,Aarogya Setu,nic.goi.aarogyasetu,worst app don't open always shown error,1
Health,Aarogya Setu,nic.goi.aarogyasetu,very bad in log in disgusting,1
Health,Aarogya Setu,nic.goi.aarogyasetu,Please fix your servers first,1
Health,Aarogya Setu,nic.goi.aarogyasetu,good work app,5
Health,Aarogya Setu,nic.goi.aarogyasetu,sucks,1
Health,Aarogya Setu,nic.goi.aarogyasetu,ok,3
Health,Aarogya Setu,nic.goi.aarogyasetu,we have experience error in logging up please fix this issue 😔,1
Health,Aarogya Setu,nic.goi.aarogyasetu,unable to login,1
Health,Aarogya Setu,nic.goi.aarogyasetu,fails to even start,1
Health,Aarogya Setu,nic.goi.aarogyasetu,My name is Vandana . I'm from Karnataka.I'm not able use arogya setu app because it's showing logging in problem. I hope that you will solve my problem as soon as possible.,3
Health,Aarogya Setu,nic.goi.aarogyasetu,is app doesn't even login to the actual homepage,1
Health,Aarogya Setu,nic.goi.aarogyasetu,"useless app, it goverment app and not working",1
Health,Aarogya Setu,nic.goi.aarogyasetu,Waste,1
Health,Aarogya Setu,nic.goi.aarogyasetu,good,4
Health,Aarogya Setu,nic.goi.aarogyasetu,nice,5
Health,Aarogya Setu,nic.goi.aarogyasetu,Not able to login,1
Health,Aarogya Setu,nic.goi.aarogyasetu,Beautiful app.I am RRJB of the army.I am a sanyasi holy men.,5
Health,Aarogya Setu,nic.goi.aarogyasetu,app not working,1
Health,Aarogya Setu,nic.goi.aarogyasetu,no support....phone number provided is not valid,1
Health,Aarogya Setu,nic.goi.aarogyasetu,Full of bugs not able to open the app,1
Health,Aarogya Setu,nic.goi.aarogyasetu,Is server down?,2
Health,Aarogya Setu,nic.goi.aarogyasetu,unable to login,1
Health,Aarogya Setu,nic.goi.aarogyasetu,app not staring showing some log in error,1
Health,Aarogya Setu,nic.goi.aarogyasetu,not working,1
Health,Aarogya Setu,nic.goi.aarogyasetu,my life is sef tx for you,5
Health,Aarogya Setu,nic.goi.aarogyasetu,खै,2
Health,Aarogya Setu,nic.goi.aarogyasetu,otp verification hote hi nahi hai,1
Health,Aarogya Setu,nic.goi.aarogyasetu,great experience,4
Health,Aarogya Setu,nic.goi.aarogyasetu,I'm trying to login app but it's showing error after mobile number update,1
Health,Aarogya Setu,nic.goi.aarogyasetu,showing error while login,1
Health,Aarogya Setu,nic.goi.aarogyasetu,the worst app exist in playstore. not able to login.,1
Health,Aarogya Setu,nic.goi.aarogyasetu,very bad app khultu j nathi,1
Health,Aarogya Setu,nic.goi.aarogyasetu,not working please improve it,2
Health,Aarogya Setu,nic.goi.aarogyasetu,Not able to login.,1
Health,Aarogya Setu,nic.goi.aarogyasetu,what's the use if I can't login and download certificate in times of urgency,1
Health,Aarogya Setu,nic.goi.aarogyasetu,Good,5
Health,Aarogya Setu,nic.goi.aarogyasetu,"Respected sir) mam, This app is not working, pl solve this issue as soon as possible tnk u sir/mam Jai Hind Saab.",5
Health,Aarogya Setu,nic.goi.aarogyasetu,Nice,5
Health,Aarogya Setu,nic.goi.aarogyasetu,not working.please solve the problem,1
Health,Aarogya Setu,nic.goi.aarogyasetu,not working,1
Health,Aarogya Setu,nic.goi.aarogyasetu,appreciated and good for people living india,5
Health,Aarogya Setu,nic.goi.aarogyasetu,it's A Nice One ..,5
Health,Aarogya Setu,nic.goi.aarogyasetu,ನಾಟ್ ಓಪನ್,5
Health,Aarogya Setu,nic.goi.aarogyasetu,I haven't even entered my mobile number and it's crashing out non stop,1
Health,Aarogya Setu,nic.goi.aarogyasetu,My registered mobile no.is not accepting. please suggest.,2
Health,Aarogya Setu,nic.goi.aarogyasetu,unable to enter phone number. screen is flickering,1
Health,Aarogya Setu,nic.goi.aarogyasetu,showing error most of the times unable to login,1
Health,Aarogya Setu,nic.goi.aarogyasetu,i am not able to login to in this app,1
Health,Aarogya Setu,nic.goi.aarogyasetu,login error ... unable to log in plz fix your app,1
Health,Aarogya Setu,nic.goi.aarogyasetu,It id failed to logging you in after 48 hours ago,1
Health,Aarogya Setu,nic.goi.aarogyasetu,"good an animation touch with good health's indication-exercisization main view about real an age off health this must concentrating value combination health circle arogya mition """"really good about health mention",4
Health,Aarogya Setu,nic.goi.aarogyasetu,I've logging error problem please fix it..,2
Health,Aarogya Setu,nic.goi.aarogyasetu,good,5
Digital_Governance,DigiLocker,com.digilocker.android,I can not open digilocker in my mobile.,5
Digital_Governance,DigiLocker,com.digilocker.android,very very nice aap,5
Digital_Governance,DigiLocker,com.digilocker.android,good nice,5
Digital_Governance,DigiLocker,com.digilocker.android,"Not Opening... keep showing ""Oops, something went wrong please try again""",1
Digital_Governance,DigiLocker,com.digilocker.android,the best app,4
Digital_Governance,DigiLocker,com.digilocker.android,good,5
Digital_Governance,DigiLocker,com.digilocker.android,app crashed,1
Digital_Governance,DigiLocker,com.digilocker.android,bahut bekar hai,1
Digital_Governance,DigiLocker,com.digilocker.android,ok,4
Digital_Governance,DigiLocker,com.digilocker.android,Good Application,5
Digital_Governance,DigiLocker,com.digilocker.android,Nice,5
Digital_Governance,DigiLocker,com.digilocker.android,in which there is no option of 10th or 12th marksheet of bihar. even there is no option of class 10th certificate in the section of class X marksheet.,2
Digital_Governance,DigiLocker,com.digilocker.android,Useful app,5
Digital_Governance,DigiLocker,com.digilocker.android,good,5
Digital_Governance,DigiLocker,com.digilocker.android,PLEASE ADD BIJU PATNAIK UNIVERSITY OF TECHNOLOGY (BPUT) DEGREE CERTIFICATE OF ODISHA,2
Digital_Governance,DigiLocker,com.digilocker.android,"bahut hi aacha application hai, sab log download kijiye.",4
Digital_Governance,DigiLocker,com.digilocker.android,excellent,5
Digital_Governance,DigiLocker,com.digilocker.android,extremely bad user experience,1
Digital_Governance,DigiLocker,com.digilocker.android,No board of Bihar shows,3
Digital_Governance,DigiLocker,com.digilocker.android,super,5
Digital_Governance,DigiLocker,com.digilocker.android,I like that I can check delivery options and read reviews all in one place it makes planning a purchase much easier,5
Digital_Governance,DigiLocker,com.digilocker.android,Sir please very serious app,5
Digital_Governance,DigiLocker,com.digilocker.android,can't re login worst app a government can make,1
Digital_Governance,DigiLocker,com.digilocker.android,digilocker should provide some facilities in app like help desk or complaint options we have to connect with web page again and again,4
Digital_Governance,DigiLocker,com.digilocker.android,Very excellent & Good User Interface....,5
Digital_Governance,DigiLocker,com.digilocker.android,suddenly close when you open the app,1
Digital_Governance,DigiLocker,com.digilocker.android,wonderful app,5
Digital_Governance,DigiLocker,com.digilocker.android,### New observation When try to login through facial recognition of new aadhar app It enters inside new aadhar and shows aadhar card. No digilocker dashboard ### Poor android app and correct 6 digit pin do not work properly but web / browser based login is ok with same pin @ same time. Some times same pin is ok in android app. Suddenly logout on its own with unauthorised access message. Problem lies ing android app only but web based application is working fine. Reliability is important.,2
Digital_Governance,DigiLocker,com.digilocker.android,adhar card se link nahi ho reha hai,1
Digital_Governance,DigiLocker,com.digilocker.android,very useful,5
Digital_Governance,DigiLocker,com.digilocker.android,aap Kisi Ko data mat share karo,1
Digital_Governance,DigiLocker,com.digilocker.android,"I Think There is an Error in this app, To View my Documents It is showing that Verify with Aadhaar but I have already registered with my Aadhaar but it is showing again verify with Aadhaar. Please Resolve This Issue As soon as possible",1
Digital_Governance,DigiLocker,com.digilocker.android,bekar feature.simple hona chahiye tha nahi hai!,1
Digital_Governance,DigiLocker,com.digilocker.android,use full app,5
Digital_Governance,DigiLocker,com.digilocker.android,good Application,5
Digital_Governance,DigiLocker,com.digilocker.android,very much helpful,5
Digital_Governance,DigiLocker,com.digilocker.android,super sequre యాప్,5
Digital_Governance,DigiLocker,com.digilocker.android,bhagundi,5
Digital_Governance,DigiLocker,com.digilocker.android,oops something went wrong details raha hai,1
Digital_Governance,DigiLocker,com.digilocker.android,KYC centre bnao jisse logon ki help ho jayegi Aaj bhi log KYC ke liye pareshan hai digilocker maybe temporary OTP ka option hona chahie. KYC ke liye use hota hai to temporary OTP ka option jarur hona chahie must be important,4
Digital_Governance,DigiLocker,com.digilocker.android,unable to delete registered agreements of Sale purchase,1
Digital_Governance,DigiLocker,com.digilocker.android,Good,5
Digital_Governance,DigiLocker,com.digilocker.android,"I tried to login with my face scan & adhar otp. If I try to issue any document I'm kicked out & it says "" unauthorised"". like dude I'm the owner, I literally gave you, RD scan what else do you need me to prove ?",1
Digital_Governance,DigiLocker,com.digilocker.android,excllent,5
Digital_Governance,DigiLocker,com.digilocker.android,It's an amazing app where i can find all my documents and I can use those documents in airports etc. app is smooth and you can save some external certificates if you wish to,5
Digital_Governance,DigiLocker,com.digilocker.android,good,5
Digital_Governance,DigiLocker,com.digilocker.android,ഇആ,3
Digital_Governance,DigiLocker,com.digilocker.android,ok,5
Digital_Governance,DigiLocker,com.digilocker.android,I am so sorry,5
Digital_Governance,DigiLocker,com.digilocker.android,yes I don't have to bother about documents while it's locked in it.,5
Digital_Governance,DigiLocker,com.digilocker.android,Excellent,5
Digital_Governance,DigiLocker,com.digilocker.android,its not good,1
Digital_Governance,DigiLocker,com.digilocker.android,why you not add bihar,1
Digital_Governance,DigiLocker,com.digilocker.android,after update not working my phone,5
Digital_Governance,DigiLocker,com.digilocker.android,best government app smooth user interface and very fast .,5
Digital_Governance,DigiLocker,com.digilocker.android,I pass my 10th board exam in 2022 but app not upload my document,1
Digital_Governance,DigiLocker,com.digilocker.android,good 👍,4
Digital_Governance,DigiLocker,com.digilocker.android,Genuine platform,5
Digital_Governance,DigiLocker,com.digilocker.android,I could not find cbse,1
Digital_Governance,DigiLocker,com.digilocker.android,best government app for documents work,5
Digital_Governance,DigiLocker,com.digilocker.android,good,5
Digital_Governance,DigiLocker,com.digilocker.android,This is a best app in student because he is very helpful in student,5
Digital_Governance,DigiLocker,com.digilocker.android,good,5
Digital_Governance,DigiLocker,com.digilocker.android,very good,5
Digital_Governance,DigiLocker,com.digilocker.android,Can't open this trash app because I use developer mode on my phone. Who comes up with these lame security checkpoints. Utterly useless after the update.,1
Digital_Governance,DigiLocker,com.digilocker.android,very good,5
Digital_Governance,DigiLocker,com.digilocker.android,worst app,1
Digital_Governance,DigiLocker,com.digilocker.android,The certificates of students who passed the National Trade Certificate in 2025 after the year 2024 are not being verified.,1
Digital_Governance,DigiLocker,com.digilocker.android,Safe and Secureeeeeee,5
Digital_Governance,DigiLocker,com.digilocker.android,Nice 👍👍,5
Digital_Governance,DigiLocker,com.digilocker.android,उपयोगी हू।,5
Digital_Governance,DigiLocker,com.digilocker.android,digilocker not working this phone,1
Digital_Governance,DigiLocker,com.digilocker.android,awsme,5
Digital_Governance,DigiLocker,com.digilocker.android,some problem like ration Card fetching,4
Digital_Governance,DigiLocker,com.digilocker.android,there is no option for Bihar 10th/12th marksheet download. Absolutely disgusting app,1
Digital_Governance,DigiLocker,com.digilocker.android,not start,1
Digital_Governance,DigiLocker,com.digilocker.android,good,5
Digital_Governance,DigiLocker,com.digilocker.android,excellent,5
Digital_Governance,DigiLocker,com.digilocker.android,"facing difficulty after updating the app, be more user friendly",1
Digital_Governance,DigiLocker,com.digilocker.android,Very ease to access and get our documents digitally,5
Digital_Governance,DigiLocker,com.digilocker.android,update your app is 2025 please 🙏,1
Digital_Governance,DigiLocker,com.digilocker.android,useful for many time,5
Digital_Governance,DigiLocker,com.digilocker.android,not good.,1
Digital_Governance,DigiLocker,com.digilocker.android,"when i try to access it, it asks for verification and when i verify and again try to access it asks for verification. this completely runs in loop. fix this bug digilocker team !!!",1
Digital_Governance,DigiLocker,com.digilocker.android,"If you can't make it properly, then close it, 3rd class. We can carry the original docs. Don't misuse the money of taxpayer 👎👎👎👎",1
Digital_Governance,DigiLocker,com.digilocker.android,good apps,5
Digital_Governance,DigiLocker,com.digilocker.android,pathetic experience....unable to upload or share documents....very troubling experience,1
Digital_Governance,DigiLocker,com.digilocker.android,very good app,5
Digital_Governance,DigiLocker,com.digilocker.android,"for devlper yarr apne aap to aachachaa banaya hai par ye kuch dino baad fir login ke liye kyu bolate ho login karte karte halat kharab ho jata hai ye karo vo karo, to dekh lijiye thoda es essu ko please 🙃",3
Digital_Governance,DigiLocker,com.digilocker.android,completely waste of time and money.,1
Digital_Governance,DigiLocker,com.digilocker.android,"Digilocker is a very useful app. You can keep all your important documents safely in one place. Easy to use, fast access, direct acceptance in government offices too. Very helpful app! The app is very slow, documents take a long time to load.",5
Digital_Governance,DigiLocker,com.digilocker.android,good app,5
Digital_Governance,DigiLocker,com.digilocker.android,super,5
Digital_Governance,DigiLocker,com.digilocker.android,very good app 👍👍,5
Digital_Governance,DigiLocker,com.digilocker.android,good,5
Digital_Governance,DigiLocker,com.digilocker.android,Worst App!!!!😡,1
Digital_Governance,DigiLocker,com.digilocker.android,good 👍 app,5
Digital_Governance,DigiLocker,com.digilocker.android,good,5
Digital_Governance,DigiLocker,com.digilocker.android,not opening up,1
Digital_Governance,DigiLocker,com.digilocker.android,👍👍,5
Digital_Governance,DigiLocker,com.digilocker.android,vari good,5
Digital_Governance,DigiLocker,com.digilocker.android,🥰veryGood app thank u indian gornament jai bharath🇮🇳🙏,5
Digital_Governance,DigiLocker,com.digilocker.android,I had paid money to change the address of my adhaar card but the address is not changed only cheater,1
Digital_Governance,DigiLocker,com.digilocker.android,"Face authentication bilkul kaam nahi kar raha hai. Har baar 'session is expired, please try again' dikhata hai. Please iss issue ko jaldi fix karein, kyunki verification complete nahi ho paa raha hai!!!",3
Digital_Governance,DigiLocker,com.digilocker.android,Nice 👍,5
Digital_Governance,DigiLocker,com.digilocker.android,good,5
Digital_Governance,DigiLocker,com.digilocker.android,Unable to authenticate my aadhar,1
Digital_Governance,DigiLocker,com.digilocker.android,very good 😊,5
Digital_Governance,DigiLocker,com.digilocker.android,very easy and fast,5
Digital_Governance,DigiLocker,com.digilocker.android,i am unable to verify my adhaar and able to access my credentials even though my adhaar registered on digilocker,1
Digital_Governance,DigiLocker,com.digilocker.android,good,5
Digital_Governance,DigiLocker,com.digilocker.android,The app is not opening.,1
Digital_Governance,DigiLocker,com.digilocker.android,Doesn't work.,1
Digital_Governance,DigiLocker,com.digilocker.android,"If a BMTC passenger wants to use this app to show ID proof during travel, it is recommended to keep a physical copy - I was asked to deboard due to app sign in taking too long.",2
Digital_Governance,DigiLocker,com.digilocker.android,very good,4
Digital_Governance,DigiLocker,com.digilocker.android,nice app,4
Digital_Governance,DigiLocker,com.digilocker.android,All my saved documents have been deleted. Cannot find them now. Why?,5
Digital_Governance,DigiLocker,com.digilocker.android,It never works when needed.,1
Digital_Governance,DigiLocker,com.digilocker.android,nice excellent work,5
Digital_Governance,DigiLocker,com.digilocker.android,easy use and good,5
Digital_Governance,DigiLocker,com.digilocker.android,good 👍,5
Digital_Governance,DigiLocker,com.digilocker.android,very nice 👍❤️❤️👍👍❤️👍👍❤️👍👍❤️❤️,5
Digital_Governance,DigiLocker,com.digilocker.android,👍,1
Digital_Governance,DigiLocker,com.digilocker.android,good,5
Digital_Governance,DigiLocker,com.digilocker.android,this app in not installing it cancelling automatically after installation i trying from past 6days,1
Digital_Governance,DigiLocker,com.digilocker.android,"Does not function properly, every time ask for verification. No good support from back end team, in spite of repetitive tickets generation.",1
Digital_Governance,DigiLocker,com.digilocker.android,us app,5
Digital_Governance,DigiLocker,com.digilocker.android,good,5
Digital_Governance,DigiLocker,com.digilocker.android,happy,5
Digital_Governance,DigiLocker,com.digilocker.android,🥰🥰🥰,5
Digital_Governance,DigiLocker,com.digilocker.android,thanks I don't need to carry my DL 😁 🤣🤣 and one question with developer mode on why it says to switch it off first 🥲 doo something for it plz,4
Digital_Governance,DigiLocker,com.digilocker.android,good,5
Digital_Governance,DigiLocker,com.digilocker.android,good,5
Digital_Governance,DigiLocker,com.digilocker.android,good 👍 👍,5
Digital_Governance,DigiLocker,com.digilocker.android,Excellent performance 👍,5
Digital_Governance,DigiLocker,com.digilocker.android,bahut badhiya app hai yah dijiye locker mujhe bahut achcha Laga,4
Digital_Governance,DigiLocker,com.digilocker.android,karo kuch karta kuch aur hai bekaar hai,1
Digital_Governance,DigiLocker,com.digilocker.android,app keeps crashing,1
Digital_Governance,DigiLocker,com.digilocker.android,very bad,1
Digital_Governance,DigiLocker,com.digilocker.android,ok,4
Digital_Governance,DigiLocker,com.digilocker.android,nice 👍,4
Digital_Governance,DigiLocker,com.digilocker.android,good work,4
Digital_Governance,DigiLocker,com.digilocker.android,password problem sir password not generate problem sir,1
Digital_Governance,DigiLocker,com.digilocker.android,faltu app hai roaz resete ho jata hai 😡🤬,1
Digital_Governance,DigiLocker,com.digilocker.android,very worst experience in this app I hate it,1
Digital_Governance,DigiLocker,com.digilocker.android,bad,1
Digital_Governance,DigiLocker,com.digilocker.android,"I can't find my 10, 12 certificate.showing issuer not available",1
Digital_Governance,DigiLocker,com.digilocker.android,nice,3
Digital_Governance,DigiLocker,com.digilocker.android,nice app,5
Digital_Governance,DigiLocker,com.digilocker.android,Very Wonderful 💯😊💯,5
Digital_Governance,DigiLocker,com.digilocker.android,isme indane lpg gas ka subscription vouture ka option nahi hai..only hp gas and bharat gas ka option hai,1
Digital_Governance,DigiLocker,com.digilocker.android,🙏👏👏India's first and own masterpiece app which helps million of people .,5
Digital_Governance,DigiLocker,com.digilocker.android,Make it better the interface,1
Digital_Governance,DigiLocker,com.digilocker.android,usefull,5
Digital_Governance,DigiLocker,com.digilocker.android,good but not getting my ssc memo there just 2019 I need 21 22 batch it does not providing railways asking tha digital locker memo so provide it telangana state upload tha ssc years immediately,3
Digital_Governance,DigiLocker,com.digilocker.android,bahut achcha hai,5
Digital_Governance,DigiLocker,com.digilocker.android,good app,5
Digital_Governance,DigiLocker,com.digilocker.android,Loved so much 💗,5
Digital_Governance,DigiLocker,com.digilocker.android,ok,5
Digital_Governance,DigiLocker,com.digilocker.android,some time issue on opening documents file,4
Digital_Governance,DigiLocker,com.digilocker.android,Easy service,5
Digital_Governance,DigiLocker,com.digilocker.android,very bad app,1
Digital_Governance,DigiLocker,com.digilocker.android,good,4
Digital_Governance,DigiLocker,com.digilocker.android,🙏🌺श्री गणेशाय नमः🙏🌺,5
Digital_Governance,DigiLocker,com.digilocker.android,nice,5
Digital_Governance,DigiLocker,com.digilocker.android,document ke liye 1 no ka apps digilocker,4
Digital_Governance,DigiLocker,com.digilocker.android,what happened to Digi locker this was not working now my documents are stored in this app,5
Digital_Governance,DigiLocker,com.digilocker.android,best,3
Digital_Governance,DigiLocker,com.digilocker.android,great..not fetching document..Thanks♥️,5
Digital_Governance,DigiLocker,com.digilocker.android,please add epic card document,4
Digital_Governance,DigiLocker,com.digilocker.android,jpg document uploaded on NCH portal not working. only pdf and sometimes selected pdf file also not fetching,1
Digital_Governance,DigiLocker,com.digilocker.android,very good,5
Digital_Governance,DigiLocker,com.digilocker.android,isme 2009 ka high school marksheet dekhne ka option nhi hai 🤔,1
Digital_Governance,DigiLocker,com.digilocker.android,very nice,5
Digital_Governance,DigiLocker,com.digilocker.android,nice,4
Digital_Governance,DigiLocker,com.digilocker.android,is there an glitchI . couldn't post my 12th marksheet. I couldn't find 2022 year,2
Digital_Governance,DigiLocker,com.digilocker.android,good,5
Digital_Governance,DigiLocker,com.digilocker.android,data theif,1
Digital_Governance,DigiLocker,com.digilocker.android,super,5
Digital_Governance,DigiLocker,com.digilocker.android,document save 💯💪,5
Digital_Governance,DigiLocker,com.digilocker.android,nice all certificates available,5
Digital_Governance,DigiLocker,com.digilocker.android,My linkedin vèryfication purposes Meny time after too not verified sussess being,1
Digital_Governance,DigiLocker,com.digilocker.android,good,2
Digital_Governance,DigiLocker,com.digilocker.android,good,5
Digital_Governance,DigiLocker,com.digilocker.android,this aap is very much for documents purpose,4
Digital_Governance,DigiLocker,com.digilocker.android,Nice,4
Digital_Governance,DigiLocker,com.digilocker.android,Download Digilocker app & save more documents.,5
Digital_Governance,DigiLocker,com.digilocker.android,very good,5
Digital_Governance,DigiLocker,com.digilocker.android,voter ID and passport is not available,5
Digital_Governance,DigiLocker,com.digilocker.android,It is sequired app and the file a be safe,5
Digital_Governance,DigiLocker,com.digilocker.android,good,5
Digital_Governance,DigiLocker,com.digilocker.android,bahut ghatiya app hai. error error error,1
Digital_Governance,DigiLocker,com.digilocker.android,nice,4
Digital_Governance,DigiLocker,com.digilocker.android,10th 12th bihar board option me hi nhi hai plz Add bihar board option,3
Digital_Governance,DigiLocker,com.digilocker.android,nice 👍,5
Digital_Governance,DigiLocker,com.digilocker.android,very good,4
Digital_Governance,DigiLocker,com.digilocker.android,3 rd class app,1
Digital_Governance,DigiLocker,com.digilocker.android,helpful,5
Digital_Governance,DigiLocker,com.digilocker.android,Thank you so much 😊🙏,5
Digital_Governance,DigiLocker,com.digilocker.android,good,4
Digital_Governance,UMANG,in.gov.umang.negd.g2c,Good 👍,5
Digital_Governance,UMANG,in.gov.umang.negd.g2c,good,3
Digital_Governance,UMANG,in.gov.umang.negd.g2c,Good,2
Digital_Governance,UMANG,in.gov.umang.negd.g2c,good,5
Digital_Governance,UMANG,in.gov.umang.negd.g2c,good,5
Digital_Governance,UMANG,in.gov.umang.negd.g2c,good,3
Digital_Governance,UMANG,in.gov.umang.negd.g2c,good,4
Digital_Governance,UMANG,in.gov.umang.negd.g2c,good app,4
Digital_Governance,UMANG,in.gov.umang.negd.g2c,good,5
Digital_Governance,UMANG,in.gov.umang.negd.g2c,good,2
Digital_Governance,UMANG,in.gov.umang.negd.g2c,nice app,5
Digital_Governance,UMANG,in.gov.umang.negd.g2c,Nice,5
Digital_Governance,UMANG,in.gov.umang.negd.g2c,sahi hai,5
Digital_Governance,UMANG,in.gov.umang.negd.g2c,good,4
Digital_Governance,UMANG,in.gov.umang.negd.g2c,good,4
Digital_Governance,UMANG,in.gov.umang.negd.g2c,very good,5
Digital_Governance,UMANG,in.gov.umang.negd.g2c,good 👍,5
Digital_Governance,UMANG,in.gov.umang.negd.g2c,good,5
Digital_Governance,UMANG,in.gov.umang.negd.g2c,great,5
Digital_Governance,UMANG,in.gov.umang.negd.g2c,not to good,2
Digital_Governance,UMANG,in.gov.umang.negd.g2c,good,3
Digital_Governance,UMANG,in.gov.umang.negd.g2c,good,5
Digital_Governance,UMANG,in.gov.umang.negd.g2c,Super,5
Digital_Governance,UMANG,in.gov.umang.negd.g2c,poor stability,1
Digital_Governance,UMANG,in.gov.umang.negd.g2c,vary good 👍👍👍👍👍,5
Digital_Governance,UMANG,in.gov.umang.negd.g2c,very useful,5
Digital_Governance,UMANG,in.gov.umang.negd.g2c,good app,5
Digital_Governance,UMANG,in.gov.umang.negd.g2c,super,5
Digital_Governance,UMANG,in.gov.umang.negd.g2c,good,4
Digital_Governance,UMANG,in.gov.umang.negd.g2c,it's good 😊,5
Digital_Governance,UMANG,in.gov.umang.negd.g2c,good app,4
Digital_Governance,UMANG,in.gov.umang.negd.g2c,is smart,5
Digital_Governance,UMANG,in.gov.umang.negd.g2c,good,4
Digital_Governance,UMANG,in.gov.umang.negd.g2c,gud,5
Digital_Governance,UMANG,in.gov.umang.negd.g2c,good 👍,5
Digital_Governance,UMANG,in.gov.umang.negd.g2c,Nice 👍 app,4
Digital_Governance,UMANG,in.gov.umang.negd.g2c,excellent,5
Digital_Governance,UMANG,in.gov.umang.negd.g2c,good,4
Digital_Governance,UMANG,in.gov.umang.negd.g2c,good,5
Digital_Governance,UMANG,in.gov.umang.negd.g2c,good,5
Digital_Governance,UMANG,in.gov.umang.negd.g2c,ok,5
Digital_Governance,UMANG,in.gov.umang.negd.g2c,Best Apps for Pf,5
Digital_Governance,UMANG,in.gov.umang.negd.g2c,very nice,1
Digital_Governance,UMANG,in.gov.umang.negd.g2c,very good,5
Digital_Governance,UMANG,in.gov.umang.negd.g2c,good,5
Digital_Governance,UMANG,in.gov.umang.negd.g2c,good,5
Digital_Governance,UMANG,in.gov.umang.negd.g2c,good,2
Digital_Governance,UMANG,in.gov.umang.negd.g2c,good,3
Digital_Governance,UMANG,in.gov.umang.negd.g2c,nice,5
Digital_Governance,UMANG,in.gov.umang.negd.g2c,good,2
Digital_Governance,UMANG,in.gov.umang.negd.g2c,good 👍,4
Digital_Governance,UMANG,in.gov.umang.negd.g2c,"Not all states included, especially Cyber literate states like maharashtra, karnataka, telangana, andhra. Useless app for those citizens.",1
Digital_Governance,UMANG,in.gov.umang.negd.g2c,good 👍,5
Digital_Governance,UMANG,in.gov.umang.negd.g2c,it's best,5
Digital_Governance,UMANG,in.gov.umang.negd.g2c,nice aap,5
Digital_Governance,UMANG,in.gov.umang.negd.g2c,nice,5
Digital_Governance,UMANG,in.gov.umang.negd.g2c,good,1
Digital_Governance,UMANG,in.gov.umang.negd.g2c,excellent,5
Digital_Governance,UMANG,in.gov.umang.negd.g2c,ok,5
Digital_Governance,UMANG,in.gov.umang.negd.g2c,good,5
Digital_Governance,UMANG,in.gov.umang.negd.g2c,very good 😊,5
Digital_Governance,UMANG,in.gov.umang.negd.g2c,good,5
Digital_Governance,UMANG,in.gov.umang.negd.g2c,good,5
Digital_Governance,UMANG,in.gov.umang.negd.g2c,good,5
Digital_Governance,UMANG,in.gov.umang.negd.g2c,helpfull,5
Digital_Governance,UMANG,in.gov.umang.negd.g2c,super,5
Digital_Governance,UMANG,in.gov.umang.negd.g2c,good,5
Digital_Governance,UMANG,in.gov.umang.negd.g2c,very good,5
Digital_Governance,UMANG,in.gov.umang.negd.g2c,good,4
Digital_Governance,UMANG,in.gov.umang.negd.g2c,Nice,3
Digital_Governance,UMANG,in.gov.umang.negd.g2c,good supportting,5
Digital_Governance,UMANG,in.gov.umang.negd.g2c,achha hai,5
Digital_Governance,UMANG,in.gov.umang.negd.g2c,sarkari app hai but thoda dhire chalta hai,5
Digital_Governance,UMANG,in.gov.umang.negd.g2c,good it is very helpful,5
Digital_Governance,UMANG,in.gov.umang.negd.g2c,good,5
Digital_Governance,UMANG,in.gov.umang.negd.g2c,NICE,5
Digital_Governance,UMANG,in.gov.umang.negd.g2c,ok,5
Digital_Governance,UMANG,in.gov.umang.negd.g2c,super app,5
Digital_Governance,UMANG,in.gov.umang.negd.g2c,excellent,5
Digital_Governance,UMANG,in.gov.umang.negd.g2c,nice,2
Digital_Governance,UMANG,in.gov.umang.negd.g2c,nice 👍,5
Digital_Governance,UMANG,in.gov.umang.negd.g2c,good,5
Digital_Governance,UMANG,in.gov.umang.negd.g2c,nice app,5
Digital_Governance,UMANG,in.gov.umang.negd.g2c,good We are you,5
Digital_Governance,UMANG,in.gov.umang.negd.g2c,ok good,5
Digital_Governance,UMANG,in.gov.umang.negd.g2c,super,5
Digital_Governance,UMANG,in.gov.umang.negd.g2c,good,4
Digital_Governance,UMANG,in.gov.umang.negd.g2c,ओके,5
Digital_Governance,UMANG,in.gov.umang.negd.g2c,good,5
Digital_Governance,UMANG,in.gov.umang.negd.g2c,very very gud,5
Digital_Governance,UMANG,in.gov.umang.negd.g2c,good,5
Digital_Governance,UMANG,in.gov.umang.negd.g2c,good 🙏🇮🇳,5
Digital_Governance,UMANG,in.gov.umang.negd.g2c,nice work,5
Digital_Governance,UMANG,in.gov.umang.negd.g2c,not work all the time smoothly,3
Digital_Governance,UMANG,in.gov.umang.negd.g2c,very good app,5
Digital_Governance,UMANG,in.gov.umang.negd.g2c,good,5
Digital_Governance,UMANG,in.gov.umang.negd.g2c,best app,5
Digital_Governance,UMANG,in.gov.umang.negd.g2c,excellent experience,5
Digital_Governance,UMANG,in.gov.umang.negd.g2c,good,5
Digital_Governance,UMANG,in.gov.umang.negd.g2c,nice 🙂,4
Digital_Governance,UMANG,in.gov.umang.negd.g2c,very good,5
Digital_Governance,UMANG,in.gov.umang.negd.g2c,best app for the pf,5
Digital_Governance,UMANG,in.gov.umang.negd.g2c,somthing good but some missing,4
Digital_Governance,UMANG,in.gov.umang.negd.g2c,nice,5
Digital_Governance,UMANG,in.gov.umang.negd.g2c,good app my suport,5
Digital_Governance,UMANG,in.gov.umang.negd.g2c,Nyc app,5
Digital_Governance,UMANG,in.gov.umang.negd.g2c,excellent,5
Digital_Governance,UMANG,in.gov.umang.negd.g2c,గుడ్,5
Digital_Governance,UMANG,in.gov.umang.negd.g2c,good,5
Digital_Governance,UMANG,in.gov.umang.negd.g2c,All things at single click.Just need to update some schemes information and marketing of this app.People will definitely get benefits from it.,4
Digital_Governance,UMANG,in.gov.umang.negd.g2c,good,5
Digital_Governance,UMANG,in.gov.umang.negd.g2c,best results for Umang app,5
Digital_Governance,UMANG,in.gov.umang.negd.g2c,good,5
Digital_Governance,UMANG,in.gov.umang.negd.g2c,very good,5
Digital_Governance,UMANG,in.gov.umang.negd.g2c,super 😊,5
Digital_Governance,UMANG,in.gov.umang.negd.g2c,good 👍,5
Digital_Governance,UMANG,in.gov.umang.negd.g2c,good,5
Digital_Governance,UMANG,in.gov.umang.negd.g2c,good,1
Digital_Governance,UMANG,in.gov.umang.negd.g2c,thank,5
Digital_Governance,UMANG,in.gov.umang.negd.g2c,Very Nice 👍,5
Digital_Governance,UMANG,in.gov.umang.negd.g2c,very good 😊,5
Digital_Governance,UMANG,in.gov.umang.negd.g2c,good working this app,5
Digital_Governance,UMANG,in.gov.umang.negd.g2c,nice,5
Digital_Governance,UMANG,in.gov.umang.negd.g2c,good,5
Digital_Governance,UMANG,in.gov.umang.negd.g2c,nice,5
Digital_Governance,UMANG,in.gov.umang.negd.g2c,verry good,5
Digital_Governance,UMANG,in.gov.umang.negd.g2c,super,4
Digital_Governance,UMANG,in.gov.umang.negd.g2c,Nice aap,5
Digital_Governance,UMANG,in.gov.umang.negd.g2c,nice app,5
Digital_Governance,UMANG,in.gov.umang.negd.g2c,very good,5
Digital_Governance,UMANG,in.gov.umang.negd.g2c,good,3
Digital_Governance,UMANG,in.gov.umang.negd.g2c,good,5
Digital_Governance,UMANG,in.gov.umang.negd.g2c,mast,5
Digital_Governance,UMANG,in.gov.umang.negd.g2c,best,5
Digital_Governance,UMANG,in.gov.umang.negd.g2c,very good,5
Digital_Governance,UMANG,in.gov.umang.negd.g2c,great job this app,5
Digital_Governance,UMANG,in.gov.umang.negd.g2c,nice,5
Digital_Governance,UMANG,in.gov.umang.negd.g2c,my passbook not updated,1
Digital_Governance,UMANG,in.gov.umang.negd.g2c,very nice 👍,5
Digital_Governance,UMANG,in.gov.umang.negd.g2c,nice,5
Digital_Governance,UMANG,in.gov.umang.negd.g2c,good 👍,5
Digital_Governance,UMANG,in.gov.umang.negd.g2c,very nice,5
Digital_Governance,UMANG,in.gov.umang.negd.g2c,nice app,3
Digital_Governance,UMANG,in.gov.umang.negd.g2c,good work,5
Digital_Governance,UMANG,in.gov.umang.negd.g2c,super,5
Digital_Governance,UMANG,in.gov.umang.negd.g2c,very bad,1
Digital_Governance,UMANG,in.gov.umang.negd.g2c,good,4
Digital_Governance,UMANG,in.gov.umang.negd.g2c,mast,5
Digital_Governance,UMANG,in.gov.umang.negd.g2c,good,5
Digital_Governance,UMANG,in.gov.umang.negd.g2c,nice,4
Digital_Governance,UMANG,in.gov.umang.negd.g2c,Exlent,3
Digital_Governance,UMANG,in.gov.umang.negd.g2c,help full,5
Digital_Governance,UMANG,in.gov.umang.negd.g2c,nice 👍,5
Digital_Governance,UMANG,in.gov.umang.negd.g2c,nice,5
Digital_Governance,UMANG,in.gov.umang.negd.g2c,ok,5
Digital_Governance,UMANG,in.gov.umang.negd.g2c,exlant,5
Digital_Governance,UMANG,in.gov.umang.negd.g2c,very good app.,5
Digital_Governance,UMANG,in.gov.umang.negd.g2c,good,5
Digital_Governance,UMANG,in.gov.umang.negd.g2c,nice 👍,4
Digital_Governance,UMANG,in.gov.umang.negd.g2c,good,3
Digital_Governance,UMANG,in.gov.umang.negd.g2c,this app don't work properly,1
Digital_Governance,UMANG,in.gov.umang.negd.g2c,super UMANG App more help fullnk you,3
Digital_Governance,UMANG,in.gov.umang.negd.g2c,good,5
Digital_Governance,UMANG,in.gov.umang.negd.g2c,good,5
Digital_Governance,UMANG,in.gov.umang.negd.g2c,good 😊,5
Digital_Governance,UMANG,in.gov.umang.negd.g2c,nice,5
Digital_Governance,UMANG,in.gov.umang.negd.g2c,ok,5
Digital_Governance,UMANG,in.gov.umang.negd.g2c,ok,5
Digital_Governance,UMANG,in.gov.umang.negd.g2c,good,4
Digital_Governance,UMANG,in.gov.umang.negd.g2c,good communication,3
Digital_Governance,UMANG,in.gov.umang.negd.g2c,excellent performance,5
Digital_Governance,UMANG,in.gov.umang.negd.g2c,good,5
Digital_Governance,UMANG,in.gov.umang.negd.g2c,excellent,5
Digital_Governance,UMANG,in.gov.umang.negd.g2c,good 👍,3
Digital_Governance,UMANG,in.gov.umang.negd.g2c,ok,5
Digital_Governance,UMANG,in.gov.umang.negd.g2c,good,5
Digital_Governance,UMANG,in.gov.umang.negd.g2c,wow,5
Digital_Governance,UMANG,in.gov.umang.negd.g2c,good,5
Digital_Governance,UMANG,in.gov.umang.negd.g2c,good,5
Digital_Governance,UMANG,in.gov.umang.negd.g2c,🤗🤗,5
Digital_Governance,UMANG,in.gov.umang.negd.g2c,Nice 👍,3
Digital_Governance,UMANG,in.gov.umang.negd.g2c,ok,5
Digital_Governance,UMANG,in.gov.umang.negd.g2c,good aap,5
Digital_Governance,UMANG,in.gov.umang.negd.g2c,good,5
Digital_Governance,UMANG,in.gov.umang.negd.g2c,amazing 😍,5
Digital_Governance,UMANG,in.gov.umang.negd.g2c,nice,4
Digital_Governance,UMANG,in.gov.umang.negd.g2c,not responsibility app very voust,1
Digital_Governance,UMANG,in.gov.umang.negd.g2c,good,5
Digital_Governance,UMANG,in.gov.umang.negd.g2c,good,5
Digital_Governance,UMANG,in.gov.umang.negd.g2c,Good 👍,3
Digital_Governance,UMANG,in.gov.umang.negd.g2c,ok,5
Digital_Governance,UMANG,in.gov.umang.negd.g2c,good,5
Digital_Governance,UMANG,in.gov.umang.negd.g2c,super,5
Digital_Governance,UMANG,in.gov.umang.negd.g2c,good,3
Digital_Governance,UMANG,in.gov.umang.negd.g2c,good,4
Digital_Governance,UMANG,in.gov.umang.negd.g2c,excellent 👍,5
Digital_Governance,UMANG,in.gov.umang.negd.g2c,best of umang aap,5
Digital_Governance,UMANG,in.gov.umang.negd.g2c,ok,5
Digital_Governance,UMANG,in.gov.umang.negd.g2c,nice,5
Digital_Governance,UMANG,in.gov.umang.negd.g2c,some times not opening,4
